Estacion,Fecha,Q
133,01/01/1980,1.738
133,02/01/1980,1.738
133,03/01/1980,1.738
133,04/01/1980,1.738
133,05/01/1980,1.738
133,06/01/1980,1.738
133,07/01/1980,1.738
133,08/01/1980,1.738
133,09/01/1980,1.738
133,10/01/1980,1.684
133,11/01/1980,1.011
133,12/01/1980,0.941
133,13/01/1980,0.941
133,14/01/1980,0.941
133,15/01/1980,0.941
133,16/01/1980,0.941
133,17/01/1980,0.941
133,18/01/1980,0.941
133,19/01/1980,0.941
133,20/01/1980,0.941
133,21/01/1980,0.941
133,22/01/1980,0.941
133,23/01/1980,0.941
133,24/01/1980,0.941
133,25/01/1980,0.941
133,26/01/1980,0.941
133,27/01/1980,0.941
133,28/01/1980,0.941
133,29/01/1980,0.941
133,30/01/1980,0.941
133,31/01/1980,0.941
133,01/02/1980,0.941
133,02/02/1980,0.941
133,03/02/1980,0.941
133,04/02/1980,0.941
133,05/02/1980,0.941
133,06/02/1980,0.941
133,07/02/1980,0.941
133,08/02/1980,0.941
133,09/02/1980,0.941
133,10/02/1980,0.941
133,11/02/1980,0.899
133,12/02/1980,0.384
133,13/02/1980,0.329
133,14/02/1980,0.329
133,15/02/1980,0.49
133,16/02/1980,2.551
133,17/02/1980,5.081
133,18/02/1980,16.214
133,19/02/1980,15.105
133,20/02/1980,12.984
133,21/02/1980,12.522
133,22/02/1980,9.282
133,23/02/1980,9.202
133,24/02/1980,38.772
133,25/02/1980,127.739
133,26/02/1980,197.02
133,27/02/1980,146.719
133,28/02/1980,117.902
133,29/02/1980,100.272
133,01/03/1980,52.377
133,02/03/1980,170.78
133,03/03/1980,216.813
133,04/03/1980,173.425
133,05/03/1980,72.456
133,06/03/1980,49.516
133,07/03/1980,121.787
133,08/03/1980,151.094
133,09/03/1980,123.592
133,10/03/1980,89.015
133,11/03/1980,70.155
133,12/03/1980,44.856
133,13/03/1980,14.314
133,14/03/1980,12.784
133,15/03/1980,9.163
133,16/03/1980,11.541
133,17/03/1980,9.406
133,18/03/1980,10.264
133,19/03/1980,6.347
133,20/03/1980,5.917
133,21/03/1980,5.917
133,22/03/1980,5.917
133,23/03/1980,9.833
133,24/03/1980,78.097
133,25/03/1980,256.212
133,26/03/1980,306.905
133,27/03/1980,241.195
133,28/03/1980,180.318
133,29/03/1980,107.35
133,30/03/1980,51.867
133,31/03/1980,31.039
133,01/04/1980,23.838
133,02/04/1980,22.849
133,03/04/1980,18.033
133,04/04/1980,16.941
133,05/04/1980,9.704
133,06/04/1980,8.941
133,07/04/1980,8.941
133,08/04/1980,8.941
133,09/04/1980,8.941
133,10/04/1980,8.941
133,11/04/1980,12.226
133,12/04/1980,62.614
133,13/04/1980,104.984
133,14/04/1980,213.191
133,15/04/1980,235.305
133,16/04/1980,191.355
133,17/04/1980,131.568
133,18/04/1980,72.331
133,19/04/1980,40.142
133,20/04/1980,57.544
133,21/04/1980,87.127
133,22/04/1980,90.529
133,23/04/1980,97.009
133,24/04/1980,103.771
133,25/04/1980,119.258
133,26/04/1980,507.846
133,27/04/1980,1274.176
133,28/04/1980,949.679
133,29/04/1980,472.709
133,30/04/1980,206.187
133,01/05/1980,228.295
133,02/05/1980,454.815
133,03/05/1980,342.729
133,04/05/1980,274.503
133,05/05/1980,246.464
133,06/05/1980,128.353
133,07/05/1980,72.045
133,08/05/1980,61.56
133,09/05/1980,57.073
133,10/05/1980,47.834
133,11/05/1980,46.918
133,12/05/1980,46.918
133,13/05/1980,46.918
133,14/05/1980,51.338
133,15/05/1980,160.546
133,16/05/1980,267.885
133,17/05/1980,231.919
133,18/05/1980,206.39
133,19/05/1980,152.138
133,20/05/1980,136.827
133,21/05/1980,197.847
133,22/05/1980,946.459
133,23/05/1980,1853.447
133,24/05/1980,971.346
133,25/05/1980,333.53
133,26/05/1980,236.993
133,27/05/1980,111.868
133,28/05/1980,91.655
133,29/05/1980,116.951
133,30/05/1980,179.838
133,31/05/1980,240.966
133,01/06/1980,249.925
133,02/06/1980,131.732
133,03/06/1980,132.858
133,04/06/1980,112.927
133,05/06/1980,96.594
133,06/06/1980,71.824
133,07/06/1980,64.914
133,08/06/1980,141.563
133,09/06/1980,208.57
133,10/06/1980,247.264
133,11/06/1980,319.338
133,12/06/1980,541.086
133,13/06/1980,559.451
133,14/06/1980,517.67
133,15/06/1980,577.216
133,16/06/1980,388.505
133,17/06/1980,222.863
133,18/06/1980,146.463
133,19/06/1980,113.358
133,20/06/1980,170.368
133,21/06/1980,245.256
133,22/06/1980,121.518
133,23/06/1980,101.589
133,24/06/1980,156.811
133,25/06/1980,185.769
133,26/06/1980,249.688
133,27/06/1980,300.067
133,28/06/1980,221.565
133,29/06/1980,138.859
133,30/06/1980,120.185
133,01/07/1980,212.517
133,02/07/1980,271.469
133,03/07/1980,237.985
133,04/07/1980,170.321
133,05/07/1980,114.375
133,06/07/1980,97.499
133,07/07/1980,137.424
133,08/07/1980,587.183
133,09/07/1980,1210.956
133,10/07/1980,809.168
133,11/07/1980,354.621
133,12/07/1980,177.74
133,13/07/1980,121.787
133,14/07/1980,107.215
133,15/07/1980,88.124
133,16/07/1980,74.387
133,17/07/1980,69.611
133,18/07/1980,65.069
133,19/07/1980,59.823
133,20/07/1980,56.517
133,21/07/1980,47.834
133,22/07/1980,46.302
133,23/07/1980,38.135
133,24/07/1980,30.694
133,25/07/1980,39.629
133,26/07/1980,113.453
133,27/07/1980,221.08
133,28/07/1980,272.13
133,29/07/1980,240.866
133,30/07/1980,147.449
133,31/07/1980,86.987
133,01/08/1980,81.785
133,02/08/1980,64.09
133,03/08/1980,48.389
133,04/08/1980,56.977
133,05/08/1980,262.65
133,06/08/1980,1004.864
133,07/08/1980,1048.671
133,08/08/1980,569.962
133,09/08/1980,260.033
133,10/08/1980,156.648
133,11/08/1980,120.55
133,12/08/1980,101.316
133,13/08/1980,80.693
133,14/08/1980,69.979
133,15/08/1980,62.908
133,16/08/1980,52.809
133,17/08/1980,109.729
133,18/08/1980,119.99
133,19/08/1980,127.075
133,20/08/1980,131.187
133,21/08/1980,131.374
133,22/08/1980,90.737
133,23/08/1980,82.664
133,24/08/1980,77.756
133,25/08/1980,61.979
133,26/08/1980,56.199
133,27/08/1980,40.94
133,28/08/1980,27.917
133,29/08/1980,29.394
133,30/08/1980,29.535
133,31/08/1980,27.914
133,01/09/1980,83.07
133,02/09/1980,130.357
133,03/09/1980,114.139
133,04/09/1980,102.2
133,05/09/1980,93.111
133,06/09/1980,42.139
133,07/09/1980,24.538
133,08/09/1980,23.238
133,09/09/1980,22.849
133,10/09/1980,18.033
133,11/09/1980,17.525
133,12/09/1980,17.525
133,13/09/1980,18.374
133,14/09/1980,52.375
133,15/09/1980,216.978
133,16/09/1980,233.893
133,17/09/1980,200.324
133,18/09/1980,161.946
133,19/09/1980,95.914
133,20/09/1980,30.235
133,21/09/1980,23.45
133,22/09/1980,18.033
133,23/09/1980,17.525
133,24/09/1980,17.202
133,25/09/1980,13.205
133,26/09/1980,12.646
133,27/09/1980,10.812
133,28/09/1980,9.102
133,29/09/1980,8.941
133,30/09/1980,12.652
133,01/10/1980,75.742
133,02/10/1980,195.006
133,03/10/1980,676.676
133,04/10/1980,984.167
133,05/10/1980,709.601
133,06/10/1980,276.214
133,07/10/1980,168.733
133,08/10/1980,131.269
133,09/10/1980,100.159
133,10/10/1980,54.759
133,11/10/1980,46.302
133,12/10/1980,38.67
133,13/10/1980,37.866
133,14/10/1980,37.33
133,15/10/1980,30.694
133,16/10/1980,30.531
133,17/10/1980,42.982
133,18/10/1980,78.792
133,19/10/1980,83.123
133,20/10/1980,84.077
133,21/10/1980,95.899
133,22/10/1980,93.111
133,23/10/1980,43.135
133,24/10/1980,37.33
133,25/10/1980,30.235
133,26/10/1980,23.838
133,27/10/1980,23.238
133,28/10/1980,22.849
133,29/10/1980,17.71
133,30/10/1980,13.205
133,31/10/1980,12.784
133,01/11/1980,12.784
133,02/11/1980,12.784
133,03/11/1980,12.784
133,04/11/1980,13.107
133,05/11/1980,28.235
133,06/11/1980,92.028
133,07/11/1980,152.196
133,08/11/1980,119.57
133,09/11/1980,57.522
133,10/11/1980,31.039
133,11/11/1980,24.834
133,12/11/1980,37.182
133,13/11/1980,48.338
133,14/11/1980,32.415
133,15/11/1980,29.535
133,16/11/1980,23.45
133,17/11/1980,15.689
133,18/11/1980,6.527
133,19/11/1980,12.366
133,20/11/1980,12.944
133,21/11/1980,9.282
133,22/11/1980,8.941
133,23/11/1980,8.941
133,24/11/1980,8.941
133,25/11/1980,8.941
133,26/11/1980,8.941
133,27/11/1980,8.941
133,28/11/1980,13.53
133,29/11/1980,88.39
133,30/11/1980,250.474
133,01/12/1980,608.138
133,02/12/1980,387.104
133,03/12/1980,192.998
133,04/12/1980,104.592
133,05/12/1980,73.458
133,06/12/1980,39.711
133,07/12/1980,24.538
133,08/12/1980,22.526
133,09/12/1980,13.713
133,10/12/1980,12.522
133,11/12/1980,8.93
133,12/12/1980,4.089
133,13/12/1980,1.918
133,14/12/1980,1.684
133,15/12/1980,3.524
133,16/12/1980,40.99
133,17/12/1980,63.336
133,18/12/1980,84.599
133,19/12/1980,84.864
133,20/12/1980,11.917
133,21/12/1980,20.615
133,22/12/1980,13.246
133,23/12/1980,6.527
133,24/12/1980,5.917
133,25/12/1980,5.917
133,26/12/1980,5.917
133,27/12/1980,5.917
133,28/12/1980,5.833
133,29/12/1980,4.734
133,30/12/1980,3.849
133,31/12/1980,3.767
133,01/01/1981,3.767
133,02/01/1981,3.767
133,03/01/1981,3.767
133,04/01/1981,3.767
133,05/01/1981,3.767
133,06/01/1981,3.767
133,07/01/1981,3.767
133,08/01/1981,3.914
133,09/01/1981,5.726
133,10/01/1981,5.917
133,11/01/1981,5.917
133,12/01/1981,5.917
133,13/01/1981,5.917
133,14/01/1981,6.013
133,15/01/1981,7.315
133,16/01/1981,8.797
133,17/01/1981,8.941
133,18/01/1981,8.941
133,19/01/1981,8.735
133,20/01/1981,6.185
133,21/01/1981,5.77
133,22/01/1981,3.958
133,23/01/1981,3.767
133,24/01/1981,3.767
133,25/01/1981,3.694
133,26/01/1981,2.783
133,27/01/1981,3.374
133,28/01/1981,12.209
133,29/01/1981,19.104
133,30/01/1981,51.736
133,31/01/1981,74.356
133,01/02/1981,66.702
133,02/02/1981,63.609
133,03/02/1981,57.073
133,04/02/1981,47.218
133,05/02/1981,38.135
133,06/02/1981,30.235
133,07/02/1981,23.838
133,08/02/1981,22.849
133,09/02/1981,18.033
133,10/02/1981,17.525
133,11/02/1981,16.941
133,12/02/1981,9.704
133,13/02/1981,8.735
133,14/02/1981,6.185
133,15/02/1981,5.917
133,16/02/1981,8.093
133,17/02/1981,11.171
133,18/02/1981,69.943
133,19/02/1981,89.43
133,20/02/1981,89.574
133,21/02/1981,83.279
133,22/02/1981,76.981
133,23/02/1981,74.377
133,24/02/1981,44.958
133,25/02/1981,21.487
133,26/02/1981,6.949
133,27/02/1981,5.917
133,28/02/1981,6.384
133,01/03/1981,17.2
133,02/03/1981,23.698
133,03/03/1981,30.546
133,04/03/1981,50.349
133,05/03/1981,66.533
133,06/03/1981,33.441
133,07/03/1981,23.238
133,08/03/1981,24.505
133,09/03/1981,22.849
133,10/03/1981,17.71
133,11/03/1981,12.738
133,12/03/1981,6.527
133,13/03/1981,5.917
133,14/03/1981,5.917
133,15/03/1981,5.917
133,16/03/1981,5.917
133,17/03/1981,5.917
133,18/03/1981,5.917
133,19/03/1981,5.917
133,20/03/1981,5.917
133,21/03/1981,5.917
133,22/03/1981,5.917
133,23/03/1981,5.77
133,24/03/1981,3.958
133,25/03/1981,3.767
133,26/03/1981,3.767
133,27/03/1981,3.767
133,28/03/1981,3.914
133,29/03/1981,6.193
133,30/03/1981,8.864
133,31/03/1981,11.887
133,01/04/1981,17.099
133,02/04/1981,13.713
133,03/04/1981,12.784
133,04/04/1981,10.542
133,05/04/1981,8.941
133,06/04/1981,8.831
133,07/04/1981,7.378
133,08/04/1981,6.042
133,09/04/1981,5.917
133,10/04/1981,7.095
133,11/04/1981,41.853
133,12/04/1981,74.921
133,13/04/1981,62.143
133,14/04/1981,50.594
133,15/04/1981,35.095
133,16/04/1981,23.838
133,17/04/1981,22.526
133,18/04/1981,13.452
133,19/04/1981,9.282
133,20/04/1981,9.202
133,21/04/1981,17.208
133,22/04/1981,43.689
133,23/04/1981,38.67
133,24/04/1981,37.33
133,25/04/1981,30.235
133,26/04/1981,23.838
133,27/04/1981,23.238
133,28/04/1981,22.849
133,29/04/1981,18.033
133,30/04/1981,17.525
133,01/05/1981,16.052
133,02/05/1981,10.483
133,03/05/1981,6.92
133,04/05/1981,8.864
133,05/05/1981,11.887
133,06/05/1981,12.784
133,07/05/1981,13.495
133,08/05/1981,22.749
133,09/05/1981,57.408
133,10/05/1981,125.537
133,11/05/1981,269.992
133,12/05/1981,506.337
133,13/05/1981,1327.967
133,14/05/1981,1793.161
133,15/05/1981,2825.737
133,16/05/1981,1853.533
133,17/05/1981,627.472
133,18/05/1981,225.829
133,19/05/1981,207.974
133,20/05/1981,539.58
133,21/05/1981,1253.035
133,22/05/1981,1191.591
133,23/05/1981,669.109
133,24/05/1981,451.706
133,25/05/1981,177.678
133,26/05/1981,223.559
133,27/05/1981,189.151
133,28/05/1981,121.347
133,29/05/1981,97.04
133,30/05/1981,78.228
133,31/05/1981,76.841
133,01/06/1981,84.479
133,02/06/1981,109.303
133,03/06/1981,111.858
133,04/06/1981,110.373
133,05/06/1981,87.946
133,06/06/1981,83.123
133,07/06/1981,82.664
133,08/06/1981,76.535
133,09/06/1981,69.553
133,10/06/1981,57.022
133,11/06/1981,39.05
133,12/06/1981,29.846
133,13/06/1981,18.311
133,14/06/1981,13.205
133,15/06/1981,13.955
133,16/06/1981,29.617
133,17/06/1981,50.795
133,18/06/1981,72.081
133,19/06/1981,115.26
133,20/06/1981,102.612
133,21/06/1981,84.369
133,22/06/1981,81.36
133,23/06/1981,60.825
133,24/06/1981,74.679
133,25/06/1981,76.382
133,26/06/1981,75.936
133,27/06/1981,70.411
133,28/06/1981,68.971
133,29/06/1981,57.638
133,30/06/1981,46.222
133,01/07/1981,28.825
133,02/07/1981,23.838
133,03/07/1981,23.238
133,04/07/1981,22.849
133,05/07/1981,18.033
133,06/07/1981,17.525
133,07/07/1981,17.525
133,08/07/1981,17.202
133,09/07/1981,13.205
133,10/07/1981,13.107
133,11/07/1981,17.492
133,12/07/1981,23.19
133,13/07/1981,29.394
133,14/07/1981,30.531
133,15/07/1981,41.876
133,16/07/1981,75.2
133,17/07/1981,161.132
133,18/07/1981,363.34
133,19/07/1981,731.503
133,20/07/1981,685.717
133,21/07/1981,522.063
133,22/07/1981,274.499
133,23/07/1981,219.65
133,24/07/1981,189.662
133,25/07/1981,151.806
133,26/07/1981,110.982
133,27/07/1981,66.701
133,28/07/1981,73.421
133,29/07/1981,55.074
133,30/07/1981,196.841
133,31/07/1981,267.539
133,01/08/1981,527.509
133,02/08/1981,435.52
133,03/08/1981,269.989
133,04/08/1981,179.062
133,05/08/1981,102.106
133,06/08/1981,351.359
133,07/08/1981,675.106
133,08/08/1981,1035.871
133,09/08/1981,1280.196
133,10/08/1981,828.588
133,11/08/1981,404.65
133,12/08/1981,233.693
133,13/08/1981,181.153
133,14/08/1981,125.438
133,15/08/1981,82.563
133,16/08/1981,70.411
133,17/08/1981,69.829
133,18/08/1981,68.971
133,19/08/1981,57.638
133,20/08/1981,47.218
133,21/08/1981,38.67
133,22/08/1981,37.866
133,23/08/1981,37.33
133,24/08/1981,30.235
133,25/08/1981,27.32
133,26/08/1981,23.838
133,27/08/1981,23.238
133,28/08/1981,22.849
133,29/08/1981,18.033
133,30/08/1981,17.525
133,31/08/1981,17.525
133,01/09/1981,17.525
133,02/09/1981,17.525
133,03/09/1981,17.525
133,04/09/1981,17.525
133,05/09/1981,17.525
133,06/09/1981,17.525
133,07/09/1981,17.525
133,08/09/1981,17.525
133,09/09/1981,17.525
133,10/09/1981,17.525
133,11/09/1981,17.525
133,12/09/1981,17.525
133,13/09/1981,22.944
133,14/09/1981,99.735
133,15/09/1981,222.204
133,16/09/1981,796.483
133,17/09/1981,1169.248
133,18/09/1981,826.911
133,19/09/1981,320.432
133,20/09/1981,220.864
133,21/09/1981,186.49
133,22/09/1981,152.642
133,23/09/1981,109.327
133,24/09/1981,90.393
133,25/09/1981,77.151
133,26/09/1981,69.979
133,27/09/1981,64.914
133,28/09/1981,78.374
133,29/09/1981,88.5
133,30/09/1981,77.597
133,01/10/1981,75.936
133,02/10/1981,70.411
133,03/10/1981,69.396
133,04/10/1981,63.865
133,05/10/1981,59.007
133,06/10/1981,57.218
133,07/10/1981,55.901
133,08/10/1981,39.586
133,09/10/1981,37.866
133,10/10/1981,37.33
133,11/10/1981,30.235
133,12/10/1981,23.127
133,13/10/1981,13.713
133,14/10/1981,12.784
133,15/10/1981,12.784
133,16/10/1981,12.784
133,17/10/1981,12.522
133,18/10/1981,9.282
133,19/10/1981,8.941
133,20/10/1981,8.588
133,21/10/1981,4.227
133,22/10/1981,3.767
133,23/10/1981,3.767
133,24/10/1981,3.629
133,25/10/1981,1.918
133,26/10/1981,1.738
133,27/10/1981,1.738
133,28/10/1981,1.684
133,29/10/1981,1.011
133,30/10/1981,0.941
133,31/10/1981,1.485
133,01/11/1981,8.229
133,02/11/1981,8.941
133,03/11/1981,9.525
133,04/11/1981,16.762
133,05/11/1981,17.202
133,06/11/1981,12.944
133,07/11/1981,9.282
133,08/11/1981,8.941
133,09/11/1981,8.735
133,10/11/1981,6.185
133,11/11/1981,5.917
133,12/11/1981,5.917
133,13/11/1981,5.917
133,14/11/1981,5.917
133,15/11/1981,5.917
133,16/11/1981,5.917
133,17/11/1981,5.917
133,18/11/1981,6.122
133,19/11/1981,9.256
133,20/11/1981,17.611
133,21/11/1981,28.886
133,22/11/1981,29.535
133,23/11/1981,23.127
133,24/11/1981,13.713
133,25/11/1981,11.263
133,26/11/1981,7.744
133,27/11/1981,5.917
133,28/11/1981,5.77
133,29/11/1981,3.958
133,30/11/1981,4.119
133,01/12/1981,8.481
133,02/12/1981,8.941
133,03/12/1981,8.735
133,04/12/1981,6.039
133,05/12/1981,3.958
133,06/12/1981,3.767
133,07/12/1981,3.767
133,08/12/1981,3.767
133,09/12/1981,3.767
133,10/12/1981,3.767
133,11/12/1981,3.767
133,12/12/1981,3.767
133,13/12/1981,3.767
133,14/12/1981,3.694
133,15/12/1981,2.783
133,16/12/1981,2.687
133,17/12/1981,2.687
133,18/12/1981,2.687
133,19/12/1981,5.697
133,20/12/1981,50.782
133,21/12/1981,116.158
133,22/12/1981,150.929
133,23/12/1981,136.273
133,24/12/1981,119.832
133,25/12/1981,104.305
133,26/12/1981,80.342
133,27/12/1981,54.844
133,28/12/1981,43.715
133,29/12/1981,27.047
133,30/12/1981,9.859
133,31/12/1981,4.227
133,01/01/1982,3.767
133,02/01/1982,3.767
133,03/01/1982,3.767
133,04/01/1982,3.767
133,05/01/1982,3.767
133,06/01/1982,3.767
133,07/01/1982,3.767
133,08/01/1982,3.694
133,09/01/1982,2.783
133,10/01/1982,2.687
133,11/01/1982,2.687
133,12/01/1982,2.687
133,13/01/1982,2.622
133,14/01/1982,1.822
133,15/01/1982,1.738
133,16/01/1982,1.738
133,17/01/1982,1.738
133,18/01/1982,1.738
133,19/01/1982,1.684
133,20/01/1982,1.011
133,21/01/1982,0.941
133,22/01/1982,0.941
133,23/01/1982,0.941
133,24/01/1982,0.941
133,25/01/1982,0.941
133,26/01/1982,0.941
133,27/01/1982,0.941
133,28/01/1982,0.995
133,29/01/1982,1.805
133,30/01/1982,3.587
133,31/01/1982,3.767
133,01/02/1982,3.767
133,02/02/1982,3.767
133,03/02/1982,3.767
133,04/02/1982,3.694
133,05/02/1982,2.783
133,06/02/1982,2.622
133,07/02/1982,1.822
133,08/02/1982,1.738
133,09/02/1982,1.876
133,10/02/1982,5.429
133,11/02/1982,6.653
133,12/02/1982,12.885
133,13/02/1982,22.768
133,14/02/1982,29.394
133,15/02/1982,29.995
133,16/02/1982,29.995
133,17/02/1982,29.995
133,18/02/1982,29.995
133,19/02/1982,30.531
133,20/02/1982,37.782
133,21/02/1982,47.24
133,22/02/1982,61.998
133,23/02/1982,63.469
133,24/02/1982,63.469
133,25/02/1982,62.343
133,26/02/1982,48.389
133,27/02/1982,45.766
133,28/02/1982,31.499
133,01/03/1982,29.535
133,02/03/1982,23.838
133,03/03/1982,23.238
133,04/03/1982,23.238
133,05/03/1982,22.526
133,06/03/1982,13.713
133,07/03/1982,12.784
133,08/03/1982,12.522
133,09/03/1982,9.282
133,10/03/1982,8.941
133,11/03/1982,8.588
133,12/03/1982,4.227
133,13/03/1982,3.694
133,14/03/1982,2.783
133,15/03/1982,2.622
133,16/03/1982,3.286
133,17/03/1982,21.327
133,18/03/1982,23.698
133,19/03/1982,33.45
133,20/03/1982,28.02
133,21/03/1982,23.238
133,22/03/1982,22.526
133,23/03/1982,13.713
133,24/03/1982,12.784
133,25/03/1982,12.522
133,26/03/1982,9.282
133,27/03/1982,8.941
133,28/03/1982,7.177
133,29/03/1982,5.697
133,30/03/1982,2.974
133,31/03/1982,3.374
133,01/04/1982,11.887
133,02/04/1982,13.107
133,03/04/1982,17.492
133,04/04/1982,22.73
133,05/04/1982,23.238
133,06/04/1982,23.698
133,07/04/1982,29.93
133,08/04/1982,37.166
133,09/04/1982,37.866
133,10/04/1982,37.33
133,11/04/1982,30.694
133,12/04/1982,29.995
133,13/04/1982,29.995
133,14/04/1982,29.535
133,15/04/1982,23.838
133,16/04/1982,23.238
133,17/04/1982,23.238
133,18/04/1982,23.238
133,19/04/1982,22.526
133,20/04/1982,13.713
133,21/04/1982,12.317
133,22/04/1982,6.527
133,23/04/1982,5.917
133,24/04/1982,5.77
133,25/04/1982,3.98
133,26/04/1982,3.767
133,27/04/1982,3.694
133,28/04/1982,2.783
133,29/04/1982,2.687
133,30/04/1982,2.687
133,01/05/1982,2.622
133,02/05/1982,1.822
133,03/05/1982,1.738
133,04/05/1982,1.738
133,05/05/1982,1.738
133,06/05/1982,1.738
133,07/05/1982,1.738
133,08/05/1982,1.738
133,09/05/1982,2.119
133,10/05/1982,9.294
133,11/05/1982,13.107
133,12/05/1982,17.492
133,13/05/1982,29.787
133,14/05/1982,39.183
133,15/05/1982,59.577
133,16/05/1982,70.168
133,17/05/1982,99.058
133,18/05/1982,466.003
133,19/05/1982,1493.828
133,20/05/1982,1231.783
133,21/05/1982,439.671
133,22/05/1982,170.483
133,23/05/1982,116.636
133,24/05/1982,102.2
133,25/05/1982,92.533
133,26/05/1982,82.368
133,27/05/1982,75.503
133,28/05/1982,62.143
133,29/05/1982,50.594
133,30/05/1982,35.095
133,31/05/1982,19.701
133,01/06/1982,12.522
133,02/06/1982,11.251
133,03/06/1982,50.23
133,04/06/1982,63.469
133,05/06/1982,66.763
133,06/06/1982,122.835
133,07/06/1982,256.751
133,08/06/1982,366.052
133,09/06/1982,601.572
133,10/06/1982,990.005
133,11/06/1982,1387.731
133,12/06/1982,1166.954
133,13/06/1982,633.839
133,14/06/1982,196.999
133,15/06/1982,132.415
133,16/06/1982,103.678
133,17/06/1982,99.021
133,18/06/1982,467.382
133,19/06/1982,1206.81
133,20/06/1982,1312.128
133,21/06/1982,742.73
133,22/06/1982,394.836
133,23/06/1982,245.452
133,24/06/1982,213.374
133,25/06/1982,128.47
133,26/06/1982,40.867
133,27/06/1982,16.756
133,28/06/1982,4.227
133,29/06/1982,3.629
133,30/06/1982,1.918
133,01/07/1982,1.738
133,02/07/1982,1.738
133,03/07/1982,1.738
133,04/07/1982,1.738
133,05/07/1982,1.738
133,06/07/1982,1.738
133,07/07/1982,1.684
133,08/07/1982,1.011
133,09/07/1982,0.941
133,10/07/1982,0.941
133,11/07/1982,0.941
133,12/07/1982,0.995
133,13/07/1982,1.667
133,14/07/1982,1.803
133,15/07/1982,2.603
133,16/07/1982,3.113
133,17/07/1982,6.424
133,18/07/1982,8.672
133,19/07/1982,15.06
133,20/07/1982,37.66
133,21/07/1982,375.462
133,22/07/1982,891.024
133,23/07/1982,1230.688
133,24/07/1982,1242.007
133,25/07/1982,494.112
133,26/07/1982,292.632
133,27/07/1982,237.985
133,28/07/1982,178.705
133,29/07/1982,211.736
133,30/07/1982,376.605
133,31/07/1982,290.716
133,01/08/1982,191.022
133,02/08/1982,147.568
133,03/08/1982,113.644
133,04/08/1982,96.161
133,05/08/1982,58.123
133,06/08/1982,46.4
133,07/08/1982,173.164
133,08/08/1982,289.915
133,09/08/1982,235.836
133,10/08/1982,156.55
133,11/08/1982,44.726
133,12/08/1982,7.133
133,13/08/1982,2.783
133,14/08/1982,2.687
133,15/08/1982,2.687
133,16/08/1982,2.687
133,17/08/1982,2.622
133,18/08/1982,1.822
133,19/08/1982,1.738
133,20/08/1982,1.738
133,21/08/1982,1.738
133,22/08/1982,1.738
133,23/08/1982,5.939
133,24/08/1982,72.175
133,25/08/1982,317.448
133,26/08/1982,490.872
133,27/08/1982,528.552
133,28/08/1982,604.994
133,29/08/1982,701.651
133,30/08/1982,931.679
133,31/08/1982,740.065
133,01/09/1982,635.114
133,02/09/1982,292.978
133,03/09/1982,110.537
133,04/09/1982,76.253
133,05/09/1982,38.174
133,06/09/1982,29.995
133,07/09/1982,26.931
133,08/09/1982,17.71
133,09/09/1982,12.738
133,10/09/1982,6.527
133,11/09/1982,6.707
133,12/09/1982,20.821
133,13/09/1982,45.923
133,14/09/1982,57.643
133,15/09/1982,74.887
133,16/09/1982,165.26
133,17/09/1982,429.612
133,18/09/1982,660.056
133,19/09/1982,552.099
133,20/09/1982,353.967
133,21/09/1982,200.553
133,22/09/1982,151.817
133,23/09/1982,98.34
133,24/09/1982,64.34
133,25/09/1982,32.97
133,26/09/1982,29.995
133,27/09/1982,29.146
133,28/09/1982,18.311
133,29/09/1982,13.205
133,30/09/1982,12.784
133,01/01/1983,12.442
133,02/01/1983,12.522
133,03/01/1983,9.282
133,04/01/1983,8.735
133,05/01/1983,6.185
133,06/01/1983,5.833
133,07/01/1983,4.796
133,08/01/1983,4.687
133,09/01/1983,4.687
133,10/01/1983,4.687
133,11/01/1983,4.687
133,12/01/1983,4.687
133,13/01/1983,4.687
133,14/01/1983,4.551
133,15/01/1983,2.865
133,16/01/1983,2.687
133,17/01/1983,2.687
133,18/01/1983,2.622
133,19/01/1983,1.822
133,20/01/1983,1.738
133,21/01/1983,1.769
133,22/01/1983,2.154
133,23/01/1983,5.671
133,24/01/1983,6.27
133,25/01/1983,2.828
133,26/01/1983,2.717
133,27/01/1983,3.463
133,28/01/1983,5.835
133,29/01/1983,8.672
133,30/01/1983,10.664
133,31/01/1983,13.721
133,01/02/1983,34.639
133,02/02/1983,15.606
133,03/02/1983,9.076
133,04/02/1983,6.102
133,05/02/1983,4.796
133,06/02/1983,4.624
133,07/02/1983,3.849
133,08/02/1983,3.767
133,09/02/1983,3.767
133,10/02/1983,3.625
133,11/02/1983,3.261
133,12/02/1983,3.212
133,13/02/1983,3.212
133,14/02/1983,3.212
133,15/02/1983,3.212
133,16/02/1983,3.212
133,17/02/1983,3.196
133,18/02/1983,2.868
133,19/02/1983,3.856
133,20/02/1983,5.676
133,21/02/1983,19.384
133,22/02/1983,171.35
133,23/02/1983,102.308
133,24/02/1983,54.143
133,25/02/1983,38.67
133,26/02/1983,37.33
133,27/02/1983,30.235
133,28/02/1983,23.838
133,01/03/1983,22.849
133,02/03/1983,15.895
133,03/03/1983,9.076
133,04/03/1983,6.185
133,05/03/1983,5.917
133,06/03/1983,5.77
133,07/03/1983,3.958
133,08/03/1983,3.767
133,09/03/1983,3.694
133,10/03/1983,2.783
133,11/03/1983,2.622
133,12/03/1983,1.822
133,13/03/1983,1.738
133,14/03/1983,1.738
133,15/03/1983,1.803
133,16/03/1983,7.528
133,17/03/1983,17.104
133,18/03/1983,15.648
133,19/03/1983,12.784
133,20/03/1983,12.522
133,21/03/1983,9.282
133,22/03/1983,8.941
133,23/03/1983,8.735
133,24/03/1983,6.185
133,25/03/1983,5.77
133,26/03/1983,3.958
133,27/03/1983,3.767
133,28/03/1983,3.767
133,29/03/1983,3.694
133,30/03/1983,2.783
133,31/03/1983,2.687
133,01/04/1983,2.687
133,02/04/1983,2.687
133,03/04/1983,2.687
133,04/04/1983,8.515
133,05/04/1983,111
133,06/04/1983,148.4
133,07/04/1983,63.585
133,08/04/1983,29.066
133,09/04/1983,22.849
133,10/04/1983,18.033
133,11/04/1983,15.648
133,12/04/1983,12.522
133,13/04/1983,9.076
133,14/04/1983,6.185
133,15/04/1983,5.917
133,16/04/1983,5.917
133,17/04/1983,5.917
133,18/04/1983,5.917
133,19/04/1983,5.917
133,20/04/1983,5.917
133,21/04/1983,5.77
133,22/04/1983,3.958
133,23/04/1983,3.767
133,24/04/1983,3.767
133,25/04/1983,3.767
133,26/04/1983,3.767
133,27/04/1983,3.767
133,28/04/1983,3.914
133,29/04/1983,5.726
133,30/04/1983,5.917
133,01/05/1983,5.917
133,02/05/1983,5.917
133,03/05/1983,6.384
133,04/05/1983,12.174
133,05/05/1983,13.107
133,06/05/1983,20.663
133,07/05/1983,67.774
133,08/05/1983,75.936
133,09/05/1983,67.469
133,10/05/1983,47.646
133,11/05/1983,30.235
133,12/05/1983,23.45
133,13/05/1983,17.71
133,14/05/1983,13.205
133,15/05/1983,12.784
133,16/05/1983,14.338
133,17/05/1983,13.205
133,18/05/1983,12.784
133,19/05/1983,12.522
133,20/05/1983,9.282
133,21/05/1983,8.941
133,22/05/1983,8.941
133,23/05/1983,8.735
133,24/05/1983,6.185
133,25/05/1983,5.917
133,26/05/1983,5.77
133,27/05/1983,3.958
133,28/05/1983,3.767
133,29/05/1983,3.767
133,30/05/1983,3.767
133,31/05/1983,3.914
133,01/06/1983,5.726
133,02/06/1983,5.917
133,03/06/1983,5.917
133,04/06/1983,5.917
133,05/06/1983,5.917
133,06/06/1983,5.917
133,07/06/1983,5.917
133,08/06/1983,6.122
133,09/06/1983,8.672
133,10/06/1983,8.941
133,11/06/1983,11.505
133,12/06/1983,17.492
133,13/06/1983,26.672
133,14/06/1983,37.145
133,15/06/1983,139.567
133,16/06/1983,411.701
133,17/06/1983,756.59
133,18/06/1983,583.654
133,19/06/1983,282.245
133,20/06/1983,236.554
133,21/06/1983,197.395
133,22/06/1983,155.118
133,23/06/1983,166.105
133,24/06/1983,134.081
133,25/06/1983,94.713
133,26/06/1983,70.869
133,27/06/1983,68.275
133,28/06/1983,62.908
133,29/06/1983,47.773
133,30/06/1983,41.292
133,01/07/1983,74.371
133,02/07/1983,103.882
133,03/07/1983,127.528
133,04/07/1983,171.756
133,05/07/1983,238.575
133,06/07/1983,253.356
133,07/07/1983,215.734
133,08/07/1983,177.64
133,09/07/1983,151.024
133,10/07/1983,111.454
133,11/07/1983,91.323
133,12/07/1983,86.401
133,13/07/1983,66.175
133,14/07/1983,48.389
133,15/07/1983,46.918
133,16/07/1983,46.302
133,17/07/1983,38.67
133,18/07/1983,37.33
133,19/07/1983,30.694
133,20/07/1983,29.535
133,21/07/1983,23.838
133,22/07/1983,23.238
133,23/07/1983,22.849
133,24/07/1983,18.033
133,25/07/1983,17.202
133,26/07/1983,13.205
133,27/07/1983,12.784
133,28/07/1983,12.522
133,29/07/1983,9.282
133,30/07/1983,8.941
133,31/07/1983,8.941
133,01/08/1983,8.941
133,02/08/1983,9.202
133,03/08/1983,12.442
133,04/08/1983,12.784
133,05/08/1983,12.784
133,06/08/1983,12.784
133,07/08/1983,12.522
133,08/08/1983,9.282
133,09/08/1983,8.941
133,10/08/1983,9.064
133,11/08/1983,11.397
133,12/08/1983,18.666
133,13/08/1983,76.037
133,14/08/1983,101.165
133,15/08/1983,114.113
133,16/08/1983,92.936
133,17/08/1983,68.683
133,18/08/1983,55.921
133,19/08/1983,31.955
133,20/08/1983,23.838
133,21/08/1983,22.849
133,22/08/1983,18.033
133,23/08/1983,17.202
133,24/08/1983,13.205
133,25/08/1983,12.784
133,26/08/1983,18.525
133,27/08/1983,189.448
133,28/08/1983,890.331
133,29/08/1983,3078.443
133,30/08/1983,3397.128
133,31/08/1983,2373.68
133,01/09/1983,934.429
133,02/09/1983,421.829
133,03/09/1983,279.99
133,04/09/1983,222.961
133,05/09/1983,210.554
133,06/09/1983,174.51
133,07/09/1983,129.571
133,08/09/1983,74.498
133,09/09/1983,63.609
133,10/09/1983,57.073
133,11/09/1983,47.218
133,12/09/1983,38.67
133,13/09/1983,34.75
133,14/09/1983,29.535
133,15/09/1983,23.838
133,16/09/1983,23.238
133,17/09/1983,22.849
133,18/09/1983,18.033
133,19/09/1983,17.525
133,20/09/1983,17.525
133,21/09/1983,17.525
133,22/09/1983,17.525
133,23/09/1983,17.525
133,24/09/1983,17.914
133,25/09/1983,34.316
133,26/09/1983,101.702
133,27/09/1983,287.541
133,28/09/1983,1491.691
133,29/09/1983,4065.143
133,30/09/1983,3312.392
133,01/10/1983,1572.094
133,02/10/1983,550.141
133,03/10/1983,249.924
133,04/10/1983,131.687
133,05/10/1983,98.026
133,06/10/1983,86.847
133,07/10/1983,73.788
133,08/10/1983,212.409
133,09/10/1983,834.176
133,10/10/1983,1273.484
133,11/10/1983,861.044
133,12/10/1983,299.607
133,13/10/1983,153.816
133,14/10/1983,293.935
133,15/10/1983,1037.409
133,16/10/1983,1381.506
133,17/10/1983,1126.228
133,18/10/1983,940.342
133,19/10/1983,685.115
133,20/10/1983,289.157
133,21/10/1983,156.413
133,22/10/1983,248.308
133,23/10/1983,306.028
133,24/10/1983,284.593
133,25/10/1983,249.022
133,26/10/1983,233.963
133,27/10/1983,117.987
133,28/10/1983,75.051
133,29/10/1983,69.396
133,30/10/1983,64.035
133,31/10/1983,62.343
133,01/11/1983,50.32
133,02/11/1983,43.335
133,03/11/1983,33.274
133,04/11/1983,29.995
133,05/11/1983,29.535
133,06/11/1983,23.838
133,07/11/1983,23.698
133,08/11/1983,29.394
133,09/11/1983,32.706
133,10/11/1983,75.78
133,11/11/1983,139.847
133,12/11/1983,231.585
133,13/11/1983,344.803
133,14/11/1983,812.547
133,15/11/1983,987.521
133,16/11/1983,1002.479
133,17/11/1983,656.687
133,18/11/1983,338.381
133,19/11/1983,223.737
133,20/11/1983,133.856
133,21/11/1983,110.983
133,22/11/1983,99.692
133,23/11/1983,90.677
133,24/11/1983,89.574
133,25/11/1983,78.043
133,26/11/1983,63.609
133,27/11/1983,57.073
133,28/11/1983,44.25
133,29/11/1983,34.75
133,30/11/1983,29.535
133,01/12/1983,23.45
133,02/12/1983,18.033
133,03/12/1983,17.525
133,04/12/1983,15.648
133,05/12/1983,12.784
133,06/12/1983,12.784
133,07/12/1983,12.784
133,08/12/1983,12.784
133,09/12/1983,12.522
133,10/12/1983,9.282
133,11/12/1983,8.941
133,12/12/1983,9.202
133,13/12/1983,40.565
133,14/12/1983,46.514
133,15/12/1983,30.235
133,16/12/1983,23.127
133,17/12/1983,13.452
133,18/12/1983,9.282
133,19/12/1983,8.941
133,20/12/1983,9.525
133,21/12/1983,16.762
133,22/12/1983,17.525
133,23/12/1983,17.202
133,24/12/1983,12.944
133,25/12/1983,9.282
133,26/12/1983,8.735
133,27/12/1983,6.185
133,28/12/1983,5.917
133,29/12/1983,6.122
133,30/12/1983,8.672
133,31/12/1983,8.941
133,01/01/1984,8.941
133,02/01/1984,9.914
133,03/01/1984,23.793
133,04/01/1984,18.311
133,05/01/1984,13.205
133,06/01/1984,12.784
133,07/01/1984,10.542
133,08/01/1984,8.941
133,09/01/1984,8.941
133,10/01/1984,9.525
133,11/01/1984,16.762
133,12/01/1984,20.857
133,13/01/1984,28.268
133,14/01/1984,96.655
133,15/01/1984,150.472
133,16/01/1984,130.673
133,17/01/1984,84.015
133,18/01/1984,57.95
133,19/01/1984,40.142
133,20/01/1984,37.866
133,21/01/1984,37.866
133,22/01/1984,37.33
133,23/01/1984,29.846
133,24/01/1984,18.311
133,25/01/1984,13.205
133,26/01/1984,12.522
133,27/01/1984,9.282
133,28/01/1984,8.941
133,29/01/1984,8.941
133,30/01/1984,8.941
133,31/01/1984,8.941
133,01/02/1984,9.202
133,02/02/1984,12.442
133,03/02/1984,12.784
133,04/02/1984,12.784
133,05/02/1984,16.233
133,06/02/1984,73.156
133,07/02/1984,159.212
133,08/02/1984,148.357
133,09/02/1984,71.991
133,10/02/1984,47.773
133,11/02/1984,54.793
133,12/02/1984,234.706
133,13/02/1984,818.153
133,14/02/1984,1691.649
133,15/02/1984,1685.553
133,16/02/1984,1031.051
133,17/02/1984,628.738
133,18/02/1984,268.75
133,19/02/1984,128.659
133,20/02/1984,132.544
133,21/02/1984,199.616
133,22/02/1984,322.862
133,23/02/1984,248.199
133,24/02/1984,193.824
133,25/02/1984,250.751
133,26/02/1984,572.874
133,27/02/1984,1243.013
133,28/02/1984,1568.643
133,29/02/1984,1004.775
133,01/03/1984,595.209
133,02/03/1984,617.696
133,03/03/1984,460.894
133,04/03/1984,214.756
133,05/03/1984,167.882
133,06/03/1984,100.663
133,07/03/1984,84.191
133,08/03/1984,66.276
133,09/03/1984,57.774
133,10/03/1984,57.218
133,11/03/1984,51.21
133,12/03/1984,46.918
133,13/03/1984,41.638
133,14/03/1984,37.866
133,15/03/1984,37.866
133,16/03/1984,37.33
133,17/03/1984,30.235
133,18/03/1984,23.838
133,19/03/1984,23.238
133,20/03/1984,22.849
133,21/03/1984,18.033
133,22/03/1984,17.525
133,23/03/1984,17.525
133,24/03/1984,17.525
133,25/03/1984,17.202
133,26/03/1984,13.205
133,27/03/1984,12.784
133,28/03/1984,12.784
133,29/03/1984,12.784
133,30/03/1984,12.784
133,31/03/1984,12.784
133,01/04/1984,13.107
133,02/04/1984,17.104
133,03/04/1984,17.525
133,04/04/1984,17.525
133,05/04/1984,17.914
133,06/04/1984,25.405
133,07/04/1984,29.535
133,08/04/1984,23.838
133,09/04/1984,22.849
133,10/04/1984,18.033
133,11/04/1984,17.202
133,12/04/1984,13.205
133,13/04/1984,12.784
133,14/04/1984,12.784
133,15/04/1984,12.784
133,16/04/1984,12.784
133,17/04/1984,13.107
133,18/04/1984,17.492
133,19/04/1984,23.19
133,20/04/1984,32.51
133,21/04/1984,37.866
133,22/04/1984,38.482
133,23/04/1984,46.113
133,24/04/1984,50.995
133,25/04/1984,50.594
133,26/04/1984,35.555
133,27/04/1984,27.32
133,28/04/1984,22.849
133,29/04/1984,18.033
133,30/04/1984,17.525
133,01/05/1984,17.525
133,02/05/1984,17.202
133,03/05/1984,13.205
133,04/05/1984,12.784
133,05/05/1984,12.784
133,06/05/1984,10.336
133,07/05/1984,6.039
133,08/05/1984,3.82
133,09/05/1984,1.918
133,10/05/1984,1.803
133,11/05/1984,5.865
133,12/05/1984,16.762
133,13/05/1984,17.525
133,14/05/1984,17.525
133,15/05/1984,17.525
133,16/05/1984,17.202
133,17/05/1984,13.205
133,18/05/1984,12.784
133,19/05/1984,12.522
133,20/05/1984,9.282
133,21/05/1984,8.941
133,22/05/1984,9.914
133,23/05/1984,41.579
133,24/05/1984,223.179
133,25/05/1984,272.414
133,26/05/1984,315.32
133,27/05/1984,257.925
133,28/05/1984,238.868
133,29/05/1984,350.717
133,30/05/1984,761.346
133,31/05/1984,935.938
133,01/06/1984,618.49
133,02/06/1984,512.671
133,03/06/1984,472.451
133,04/06/1984,583.81
133,05/06/1984,433.869
133,06/06/1984,255.551
133,07/06/1984,480.662
133,08/06/1984,1043.813
133,09/06/1984,1360.021
133,10/06/1984,984.921
133,11/06/1984,750.004
133,12/06/1984,452.971
133,13/06/1984,315.851
133,14/06/1984,221.899
133,15/06/1984,158.197
133,16/06/1984,124.005
133,17/06/1984,86.826
133,18/06/1984,76.535
133,19/06/1984,70.411
133,20/06/1984,69.829
133,21/06/1984,69.829
133,22/06/1984,69.829
133,23/06/1984,69.829
133,24/06/1984,69.829
133,25/06/1984,70.275
133,26/06/1984,87.029
133,27/06/1984,266.13
133,28/06/1984,531.903
133,29/06/1984,315.721
133,30/06/1984,197.319
133,01/07/1984,124.841
133,02/07/1984,113.579
133,03/07/1984,160.359
133,04/07/1984,652.003
133,05/07/1984,898.09
133,06/07/1984,1163.149
133,07/07/1984,1806.385
133,08/07/1984,1523.171
133,09/07/1984,826.181
133,10/07/1984,531.523
133,11/07/1984,867.546
133,12/07/1984,1213.844
133,13/07/1984,1912.104
133,14/07/1984,1317.611
133,15/07/1984,673.305
133,16/07/1984,396.268
133,17/07/1984,239.039
133,18/07/1984,139.118
133,19/07/1984,117.755
133,20/07/1984,104.584
133,21/07/1984,97.309
133,22/07/1984,90.205
133,23/07/1984,82.833
133,24/07/1984,71.011
133,25/07/1984,69.829
133,26/07/1984,69.829
133,27/07/1984,69.829
133,28/07/1984,69.829
133,29/07/1984,69.396
133,30/07/1984,64.035
133,31/07/1984,63.044
133,01/09/1984,23.838
133,02/09/1984,23.238
133,03/09/1984,23.238
133,04/09/1984,22.849
133,05/09/1984,19.905
133,06/09/1984,19.905
133,07/09/1984,18.033
133,08/09/1984,17.525
133,09/09/1984,17.914
133,10/09/1984,20.469
133,11/09/1984,17.525
133,12/09/1984,17.525
133,13/09/1984,17.202
133,14/09/1984,13.205
133,15/09/1984,12.784
133,16/09/1984,13.107
133,17/09/1984,18.22
133,18/09/1984,58.477
133,19/09/1984,80.093
133,20/09/1984,136.206
133,21/09/1984,334.804
133,22/09/1984,501.812
133,23/09/1984,391.341
133,24/09/1984,268.081
133,25/09/1984,198.698
133,26/09/1984,76.651
133,27/09/1984,64.035
133,28/09/1984,63.044
133,29/09/1984,57.774
133,30/09/1984,57.218
133,01/10/1984,57.218
133,02/10/1984,57.218
133,03/10/1984,59.692
133,04/10/1984,63.469
133,05/10/1984,63.469
133,06/10/1984,63.044
133,07/10/1984,57.774
133,08/10/1984,56.517
133,09/10/1984,47.834
133,10/10/1984,46.302
133,11/10/1984,35.095
133,12/10/1984,23.45
133,13/10/1984,18.033
133,14/10/1984,17.525
133,15/10/1984,17.525
133,16/10/1984,17.525
133,17/10/1984,17.525
133,18/10/1984,18.374
133,19/10/1984,28.886
133,20/10/1984,30.531
133,21/10/1984,43.148
133,22/10/1984,56.302
133,23/10/1984,56.517
133,24/10/1984,48.535
133,25/10/1984,59.656
133,26/10/1984,79.713
133,27/10/1984,86.624
133,28/10/1984,153.019
133,29/10/1984,261.763
133,30/10/1984,438.623
133,31/10/1984,675.518
133,01/11/1984,402.987
133,02/11/1984,248.274
133,03/11/1984,145.246
133,04/11/1984,101.707
133,05/11/1984,68.547
133,06/11/1984,63.229
133,07/11/1984,94.965
133,08/11/1984,180.214
133,09/11/1984,746.552
133,10/11/1984,1294.92
133,11/11/1984,921.067
133,12/11/1984,469.352
133,13/11/1984,227.657
133,14/11/1984,158.276
133,15/11/1984,89.702
133,16/11/1984,58.203
133,17/11/1984,39.586
133,18/11/1984,37.866
133,19/11/1984,37.866
133,20/11/1984,34.75
133,21/11/1984,29.995
133,22/11/1984,29.535
133,23/11/1984,23.838
133,24/11/1984,23.238
133,25/11/1984,23.238
133,26/11/1984,22.849
133,27/11/1984,18.033
133,28/11/1984,17.525
133,29/11/1984,17.525
133,30/11/1984,17.525
133,01/12/1984,15.648
133,02/12/1984,12.784
133,03/12/1984,12.784
133,04/12/1984,12.784
133,05/12/1984,12.522
133,06/12/1984,9.282
133,07/12/1984,8.941
133,08/12/1984,8.735
133,09/12/1984,6.185
133,10/12/1984,5.917
133,11/12/1984,5.917
133,12/12/1984,5.917
133,13/12/1984,5.917
133,14/12/1984,5.917
133,15/12/1984,5.917
133,16/12/1984,5.917
133,17/12/1984,5.917
133,18/12/1984,5.917
133,19/12/1984,5.917
133,20/12/1984,5.917
133,21/12/1984,5.917
133,22/12/1984,5.917
133,23/12/1984,5.77
133,24/12/1984,3.958
133,25/12/1984,3.767
133,26/12/1984,3.767
133,27/12/1984,3.767
133,28/12/1984,3.767
133,29/12/1984,3.767
133,30/12/1984,3.767
133,31/12/1984,3.767
133,01/01/1985,3.767
133,02/01/1985,3.767
133,03/01/1985,3.767
133,04/01/1985,3.767
133,05/01/1985,3.767
133,06/01/1985,3.767
133,07/01/1985,3.767
133,08/01/1985,3.767
133,09/01/1985,3.767
133,10/01/1985,3.767
133,11/01/1985,3.767
133,12/01/1985,3.767
133,13/01/1985,3.694
133,14/01/1985,2.783
133,15/01/1985,2.687
133,16/01/1985,2.687
133,17/01/1985,2.687
133,18/01/1985,2.687
133,19/01/1985,2.687
133,20/01/1985,2.687
133,21/01/1985,2.687
133,22/01/1985,2.687
133,23/01/1985,2.687
133,24/01/1985,2.687
133,25/01/1985,2.687
133,26/01/1985,2.687
133,27/01/1985,2.687
133,28/01/1985,2.687
133,29/01/1985,2.687
133,30/01/1985,4.168
133,31/01/1985,5.917
133,01/02/1985,5.917
133,02/02/1985,5.917
133,03/02/1985,5.917
133,04/02/1985,5.917
133,05/02/1985,5.917
133,06/02/1985,5.917
133,07/02/1985,5.917
133,08/02/1985,5.917
133,09/02/1985,5.77
133,10/02/1985,3.958
133,11/02/1985,3.767
133,12/02/1985,3.694
133,13/02/1985,2.783
133,14/02/1985,2.687
133,15/02/1985,2.687
133,16/02/1985,2.687
133,17/02/1985,2.687
133,18/02/1985,2.687
133,19/02/1985,2.687
133,20/02/1985,2.687
133,21/02/1985,2.687
133,22/02/1985,2.687
133,23/02/1985,2.687
133,24/02/1985,2.687
133,25/02/1985,2.622
133,26/02/1985,1.822
133,27/02/1985,1.738
133,28/02/1985,1.738
133,01/03/1985,1.738
133,02/03/1985,1.738
133,03/03/1985,1.738
133,04/03/1985,1.738
133,05/03/1985,1.738
133,06/03/1985,1.738
133,07/03/1985,1.738
133,08/03/1985,1.876
133,09/03/1985,13.559
133,10/03/1985,114.167
133,11/03/1985,136.254
133,12/03/1985,138.666
133,13/03/1985,99.625
133,14/03/1985,78.449
133,15/03/1985,37.714
133,16/03/1985,21.577
133,17/03/1985,14.498
133,18/03/1985,9.076
133,19/03/1985,6.039
133,20/03/1985,3.958
133,21/03/1985,3.767
133,22/03/1985,3.767
133,23/03/1985,3.767
133,24/03/1985,3.767
133,25/03/1985,16.617
133,26/03/1985,142.733
133,27/03/1985,202.908
133,28/03/1985,207.636
133,29/03/1985,220.038
133,30/03/1985,152.312
133,01/04/1985,68.971
133,02/04/1985,58.339
133,03/04/1985,58.981
133,04/04/1985,85.045
133,05/04/1985,107.963
133,06/04/1985,77.064
133,07/04/1985,56.486
133,08/04/1985,33.859
133,09/04/1985,70.646
133,10/04/1985,73.365
133,11/04/1985,120.43
133,12/04/1985,128.632
133,13/04/1985,107.846
133,14/04/1985,138.509
133,15/04/1985,183.862
133,16/04/1985,197.033
133,17/04/1985,123.732
133,18/04/1985,80.441
133,19/04/1985,54.228
133,20/04/1985,38.135
133,21/04/1985,28.02
133,22/04/1985,22.849
133,23/04/1985,18.033
133,24/04/1985,14.759
133,25/04/1985,12.784
133,26/04/1985,12.522
133,27/04/1985,9.282
133,28/04/1985,10.909
133,29/04/1985,40.883
133,30/04/1985,75.671
133,01/05/1985,104.364
133,02/05/1985,110.338
133,03/05/1985,98.545
133,04/05/1985,53.772
133,05/05/1985,19.01
133,06/05/1985,13.205
133,07/05/1985,12.784
133,08/05/1985,12.784
133,09/05/1985,12.784
133,10/05/1985,12.522
133,11/05/1985,9.282
133,12/05/1985,8.941
133,13/05/1985,8.941
133,14/05/1985,8.941
133,15/05/1985,8.941
133,16/05/1985,8.941
133,17/05/1985,22.853
133,18/05/1985,88.409
133,19/05/1985,409.567
133,20/05/1985,832.886
133,21/05/1985,639.094
133,22/05/1985,281.459
133,23/05/1985,129.116
133,24/05/1985,68.683
133,25/05/1985,57.073
133,26/05/1985,53.838
133,27/05/1985,166.95
133,28/05/1985,256.542
133,29/05/1985,195.417
133,30/05/1985,129.178
133,31/05/1985,116.726
133,01/06/1985,720.427
133,02/06/1985,656.623
133,03/06/1985,568.327
133,04/06/1985,296.389
133,05/06/1985,179.001
133,06/06/1985,86.319
133,07/06/1985,70.411
133,08/06/1985,69.396
133,09/06/1985,63.609
133,10/06/1985,57.073
133,11/06/1985,47.218
133,12/06/1985,38.67
133,13/06/1985,37.33
133,14/06/1985,30.694
133,15/06/1985,29.995
133,16/06/1985,29.535
133,17/06/1985,23.838
133,18/06/1985,23.238
133,19/06/1985,21.365
133,20/06/1985,50.703
133,21/06/1985,202.359
133,22/06/1985,570.837
133,23/06/1985,432.849
133,24/06/1985,273.463
133,25/06/1985,176.377
133,26/06/1985,86.319
133,27/06/1985,70.411
133,28/06/1985,82.166
133,29/06/1985,282.812
133,30/06/1985,714.607
133,01/07/1985,1479.419
133,02/07/1985,1601.994
133,03/07/1985,898.844
133,04/07/1985,437.118
133,05/07/1985,252.185
133,06/07/1985,146.171
133,07/07/1985,120.339
133,08/07/1985,107.699
133,09/07/1985,96.837
133,10/07/1985,80.437
133,11/07/1985,75.936
133,12/07/1985,69.979
133,13/07/1985,62.908
133,14/07/1985,47.773
133,15/07/1985,38.67
133,16/07/1985,37.866
133,17/07/1985,37.866
133,18/07/1985,37.33
133,19/07/1985,30.694
133,20/07/1985,29.995
133,21/07/1985,29.995
133,22/07/1985,29.535
133,23/07/1985,23.838
133,24/07/1985,23.238
133,25/07/1985,23.238
133,26/07/1985,23.238
133,27/07/1985,23.238
133,28/07/1985,23.698
133,29/07/1985,29.93
133,30/07/1985,37.166
133,31/07/1985,40.487
133,01/08/1985,78.255
133,02/08/1985,100.77
133,03/08/1985,117.082
133,04/08/1985,53.628
133,05/08/1985,8.757
133,06/08/1985,39.364
133,07/08/1985,402.411
133,08/08/1985,971.814
133,09/08/1985,1051.388
133,10/08/1985,667.082
133,11/08/1985,432.94
133,12/08/1985,326.316
133,13/08/1985,260.182
133,14/08/1985,149.446
133,15/08/1985,95.724
133,16/08/1985,67.916
133,17/08/1985,63.469
133,18/08/1985,63.469
133,19/08/1985,62.343
133,20/08/1985,47.773
133,21/08/1985,38.67
133,22/08/1985,37.866
133,23/08/1985,37.866
133,24/08/1985,37.866
133,25/08/1985,37.866
133,26/08/1985,39.183
133,27/08/1985,64.256
133,28/08/1985,87.912
133,29/08/1985,132.929
133,30/08/1985,151.286
133,31/08/1985,157.946
133,01/09/1985,146.996
133,02/09/1985,168.866
133,03/09/1985,78.879
133,04/09/1985,31.955
133,05/09/1985,23.838
133,06/09/1985,23.238
133,07/09/1985,23.238
133,08/09/1985,23.238
133,09/09/1985,23.238
133,10/09/1985,23.238
133,11/09/1985,24.233
133,12/09/1985,47.944
133,13/09/1985,121.7
133,14/09/1985,196.631
133,15/09/1985,234.908
133,16/09/1985,282.665
133,17/09/1985,602.403
133,18/09/1985,742.317
133,19/09/1985,329.583
133,20/09/1985,234.284
133,21/09/1985,175.975
133,22/09/1985,164.493
133,23/09/1985,112.043
133,24/09/1985,91.842
133,25/09/1985,65.832
133,26/09/1985,63.044
133,27/09/1985,57.774
133,28/09/1985,56.517
133,29/09/1985,46.682
133,30/09/1985,31.499
133,01/10/1985,29.995
133,02/10/1985,29.995
133,03/10/1985,29.995
133,04/10/1985,29.995
133,05/10/1985,29.535
133,06/10/1985,23.838
133,07/10/1985,27.765
133,08/10/1985,68.665
133,09/10/1985,136.358
133,10/10/1985,91.127
133,11/10/1985,57.03
133,12/10/1985,39.286
133,13/10/1985,59.707
133,14/10/1985,94.573
133,15/10/1985,180.55
133,16/10/1985,469.632
133,17/10/1985,495.702
133,18/10/1985,236.495
133,19/10/1985,255.07
133,20/10/1985,598.496
133,21/10/1985,849.59
133,22/10/1985,534.089
133,23/10/1985,229.057
133,24/10/1985,157.4
133,25/10/1985,110.184
133,26/10/1985,72.471
133,27/10/1985,64.035
133,28/10/1985,63.469
133,29/10/1985,62.343
133,30/10/1985,48.389
133,31/10/1985,46.918
133,01/11/1985,47.619
133,02/11/1985,56.728
133,03/11/1985,62.914
133,04/11/1985,61.727
133,05/11/1985,40.142
133,06/11/1985,37.33
133,07/11/1985,30.694
133,08/11/1985,29.535
133,09/11/1985,23.838
133,10/11/1985,36.788
133,11/11/1985,233.535
133,12/11/1985,332.49
133,13/11/1985,407.467
133,14/11/1985,375.559
133,15/11/1985,295.634
133,16/11/1985,228.955
133,17/11/1985,111.742
133,18/11/1985,59.45
133,19/11/1985,39.05
133,20/11/1985,30.694
133,21/11/1985,30.937
133,22/11/1985,75.258
133,23/11/1985,65.832
133,24/11/1985,62.343
133,25/11/1985,47.773
133,26/11/1985,38.135
133,27/11/1985,30.235
133,28/11/1985,23.838
133,29/11/1985,23.238
133,30/11/1985,22.849
133,01/12/1985,18.033
133,02/12/1985,17.525
133,03/12/1985,17.202
133,04/12/1985,13.205
133,05/12/1985,12.784
133,06/12/1985,12.522
133,07/12/1985,9.282
133,08/12/1985,8.941
133,09/12/1985,8.941
133,10/12/1985,8.941
133,11/12/1985,8.941
133,12/12/1985,8.941
133,13/12/1985,8.941
133,14/12/1985,8.941
133,15/12/1985,8.735
133,16/12/1985,6.185
133,17/12/1985,5.917
133,18/12/1985,5.917
133,19/12/1985,5.917
133,20/12/1985,5.917
133,21/12/1985,5.917
133,22/12/1985,5.917
133,23/12/1985,5.917
133,24/12/1985,5.917
133,25/12/1985,5.917
133,26/12/1985,5.917
133,27/12/1985,5.917
133,28/12/1985,5.917
133,29/12/1985,5.917
133,30/12/1985,5.77
133,31/12/1985,3.958
133,01/01/1986,3.767
133,02/01/1986,3.767
133,03/01/1986,3.694
133,04/01/1986,2.783
133,05/01/1986,2.687
133,06/01/1986,2.687
133,07/01/1986,2.687
133,08/01/1986,2.687
133,09/01/1986,2.687
133,10/01/1986,2.687
133,11/01/1986,2.687
133,12/01/1986,2.687
133,13/01/1986,2.687
133,14/01/1986,2.687
133,15/01/1986,2.687
133,16/01/1986,2.761
133,17/01/1986,4.183
133,18/01/1986,8.282
133,19/01/1986,22.309
133,20/01/1986,22.849
133,21/01/1986,17.71
133,22/01/1986,12.944
133,23/01/1986,9.282
133,24/01/1986,8.941
133,25/01/1986,8.735
133,26/01/1986,6.185
133,27/01/1986,5.917
133,28/01/1986,5.917
133,29/01/1986,5.917
133,30/01/1986,5.917
133,31/01/1986,5.917
133,01/02/1986,6.122
133,02/02/1986,9.645
133,03/02/1986,21.578
133,04/02/1986,17.71
133,05/02/1986,13.205
133,06/02/1986,12.522
133,07/02/1986,9.076
133,08/02/1986,6.185
133,09/02/1986,5.917
133,10/02/1986,5.917
133,11/02/1986,5.917
133,12/02/1986,5.917
133,13/02/1986,5.917
133,14/02/1986,7.095
133,15/02/1986,21.698
133,16/02/1986,23.238
133,17/02/1986,23.238
133,18/02/1986,22.849
133,19/02/1986,18.033
133,20/02/1986,17.525
133,21/02/1986,17.202
133,22/02/1986,12.944
133,23/02/1986,9.076
133,24/02/1986,6.185
133,25/02/1986,5.917
133,26/02/1986,5.917
133,27/02/1986,5.917
133,28/02/1986,5.917
133,01/03/1986,5.917
133,02/03/1986,5.77
133,03/03/1986,3.958
133,04/03/1986,3.767
133,05/03/1986,3.767
133,06/03/1986,3.767
133,07/03/1986,3.767
133,08/03/1986,3.767
133,09/03/1986,3.694
133,10/03/1986,2.783
133,11/03/1986,2.687
133,12/03/1986,2.687
133,13/03/1986,2.687
133,14/03/1986,2.687
133,15/03/1986,2.687
133,16/03/1986,3.041
133,17/03/1986,19.248
133,18/03/1986,37.166
133,19/03/1986,29.888
133,20/03/1986,13.713
133,21/03/1986,12.522
133,22/03/1986,9.282
133,23/03/1986,8.735
133,24/03/1986,6.185
133,25/03/1986,5.917
133,26/03/1986,5.917
133,27/03/1986,5.917
133,28/03/1986,5.77
133,29/03/1986,3.958
133,30/03/1986,3.767
133,31/03/1986,3.767
133,01/04/1986,3.767
133,02/04/1986,3.767
133,03/04/1986,3.767
133,04/04/1986,3.767
133,05/04/1986,3.767
133,06/04/1986,3.767
133,07/04/1986,3.767
133,08/04/1986,3.767
133,09/04/1986,3.767
133,10/04/1986,3.914
133,11/04/1986,5.931
133,12/04/1986,8.672
133,13/04/1986,9.525
133,14/04/1986,18.762
133,15/04/1986,40.186
133,16/04/1986,29.523
133,17/04/1986,23.182
133,18/04/1986,14.314
133,19/04/1986,11.263
133,20/04/1986,8.941
133,21/04/1986,7.177
133,22/04/1986,5.917
133,23/04/1986,5.917
133,24/04/1986,8.707
133,25/04/1986,42.657
133,26/04/1986,38.135
133,27/04/1986,30.455
133,28/04/1986,25.862
133,29/04/1986,13.74
133,30/04/1986,9.173
133,01/05/1986,7.378
133,02/05/1986,6.042
133,03/05/1986,5.917
133,04/05/1986,5.917
133,05/05/1986,5.917
133,06/05/1986,5.917
133,07/05/1986,6.122
133,08/05/1986,9.256
133,09/05/1986,17.151
133,10/05/1986,22.73
133,11/05/1986,19.583
133,12/05/1986,13.205
133,13/05/1986,12.784
133,14/05/1986,11.263
133,15/05/1986,8.941
133,16/05/1986,8.941
133,17/05/1986,9.525
133,18/05/1986,17.611
133,19/05/1986,50.687
133,20/05/1986,120.225
133,21/05/1986,188.73
133,22/05/1986,194.122
133,23/05/1986,186.589
133,24/05/1986,187.646
133,25/05/1986,226.962
133,26/05/1986,241.363
133,27/05/1986,160.999
133,28/05/1986,138.402
133,29/05/1986,105.755
133,30/05/1986,83.464
133,31/05/1986,69.451
133,01/06/1986,48.339
133,02/06/1986,38.67
133,03/06/1986,37.866
133,04/06/1986,37.866
133,05/06/1986,34.75
133,06/06/1986,26.931
133,07/06/1986,18.033
133,08/06/1986,17.525
133,09/06/1986,17.914
133,10/06/1986,23.726
133,11/06/1986,36.565
133,12/06/1986,37.866
133,13/06/1986,37.866
133,14/06/1986,38.482
133,15/06/1986,47.24
133,16/06/1986,62.877
133,17/06/1986,76.647
133,18/06/1986,99.202
133,19/06/1986,124.585
133,20/06/1986,177.906
133,21/06/1986,217.328
133,22/06/1986,241.03
133,23/06/1986,323.531
133,24/06/1986,601.038
133,25/06/1986,785.235
133,26/06/1986,673.623
133,27/06/1986,405.312
133,28/06/1986,252.795
133,29/06/1986,138.381
133,30/06/1986,97.099
133,01/07/1986,84.67
133,02/07/1986,64.791
133,03/07/1986,57.073
133,04/07/1986,47.834
133,05/07/1986,46.302
133,06/07/1986,38.135
133,07/07/1986,30.694
133,08/07/1986,29.995
133,09/07/1986,29.535
133,10/07/1986,23.838
133,11/07/1986,23.238
133,12/07/1986,23.238
133,13/07/1986,24.233
133,14/07/1986,73.553
133,15/07/1986,415.591
133,16/07/1986,516.938
133,17/07/1986,523.675
133,18/07/1986,324.669
133,19/07/1986,239.529
133,20/07/1986,128.089
133,21/07/1986,108.61
133,22/07/1986,85.522
133,23/07/1986,59.52
133,24/07/1986,56.517
133,25/07/1986,47.834
133,26/07/1986,46.302
133,27/07/1986,38.135
133,28/07/1986,30.235
133,29/07/1986,29.363
133,30/07/1986,110.699
133,31/07/1986,197.482
133,01/08/1986,524.547
133,02/08/1986,448.996
133,03/08/1986,267.938
133,04/08/1986,299.855
133,05/08/1986,541.001
133,06/08/1986,352.941
133,07/08/1986,233.231
133,08/08/1986,226.64
133,09/08/1986,1280.914
133,10/08/1986,4028.479
133,11/08/1986,2393.367
133,12/08/1986,1720.936
133,13/08/1986,1140
133,14/08/1986,714.228
133,15/08/1986,352.818
133,16/08/1986,759.877
133,17/08/1986,1544.809
133,18/08/1986,1694.425
133,19/08/1986,1082.873
133,20/08/1986,661.372
133,21/08/1986,275.322
133,22/08/1986,162.962
133,23/08/1986,151.447
133,24/08/1986,150.887
133,25/08/1986,143.404
133,26/08/1986,127.147
133,27/08/1986,101.513
133,28/08/1986,102.115
133,29/08/1986,145.464
133,30/08/1986,193.55
133,31/08/1986,222.649
133,01/09/1986,254.29
133,02/09/1986,270.397
133,03/09/1986,439.683
133,04/09/1986,1033.486
133,05/09/1986,1145.967
133,06/09/1986,902.239
133,07/09/1986,505.104
133,08/09/1986,249.54
133,09/09/1986,148.12
133,10/09/1986,111.206
133,11/09/1986,93.65
133,12/09/1986,86.847
133,13/09/1986,76.535
133,14/09/1986,77.629
133,15/09/1986,126.526
133,16/09/1986,232.656
133,17/09/1986,196.066
133,18/09/1986,135.819
133,19/09/1986,183.589
133,20/09/1986,209.327
133,21/09/1986,143.437
133,22/09/1986,91.314
133,23/09/1986,78.745
133,24/09/1986,70.411
133,25/09/1986,69.396
133,26/09/1986,63.609
133,27/09/1986,57.774
133,28/09/1986,57.218
133,29/09/1986,57.218
133,30/09/1986,57.218
133,01/10/1986,57.218
133,02/10/1986,59.452
133,03/10/1986,106.589
133,04/10/1986,218.962
133,05/10/1986,371.153
133,06/10/1986,809.006
133,07/10/1986,1234.87
133,08/10/1986,1089.769
133,09/10/1986,685.766
133,10/10/1986,218.298
133,11/10/1986,120.29
133,12/10/1986,100.354
133,13/10/1986,90.205
133,14/10/1986,83.279
133,15/10/1986,72.3
133,16/10/1986,58.339
133,17/10/1986,57.218
133,18/10/1986,57.218
133,19/10/1986,56.517
133,20/10/1986,47.834
133,21/10/1986,46.918
133,22/10/1986,45.766
133,23/10/1986,31.499
133,24/10/1986,29.995
133,25/10/1986,29.756
133,26/10/1986,25.51
133,27/10/1986,23.698
133,28/10/1986,32.49
133,29/10/1986,60.866
133,30/10/1986,58.316
133,31/10/1986,89.978
133,01/11/1986,213.145
133,02/11/1986,248.195
133,03/11/1986,155.457
133,04/11/1986,86.613
133,05/11/1986,110.786
133,06/11/1986,159.093
133,07/11/1986,121.1
133,08/11/1986,93.745
133,09/11/1986,185.28
133,10/11/1986,495.796
133,11/11/1986,705.873
133,12/11/1986,366.682
133,13/11/1986,168.223
133,14/11/1986,91.284
133,15/11/1986,74.387
133,16/11/1986,67.534
133,17/11/1986,60.98
133,18/11/1986,93.082
133,19/11/1986,374.119
133,20/11/1986,802.678
133,21/11/1986,691.596
133,22/11/1986,365.51
133,23/11/1986,223.495
133,24/11/1986,308.419
133,25/11/1986,600.218
133,26/11/1986,694.19
133,27/11/1986,897.446
133,28/11/1986,627.339
133,29/11/1986,460.667
133,30/11/1986,306.672
133,01/12/1986,164.493
133,02/12/1986,101.36
133,03/12/1986,80.845
133,04/12/1986,71.869
133,05/12/1986,65.661
133,06/12/1986,62.026
133,07/12/1986,56.797
133,08/12/1986,43.973
133,09/12/1986,32.648
133,10/12/1986,29.995
133,11/12/1986,29.756
133,12/12/1986,26.794
133,13/12/1986,26.261
133,14/12/1986,23.526
133,15/12/1986,23.035
133,16/12/1986,20.52
133,17/12/1986,20.07
133,18/12/1986,17.768
133,19/12/1986,17.525
133,20/12/1986,17.525
133,21/12/1986,17.525
133,22/12/1986,17.525
133,23/12/1986,17.525
133,24/12/1986,17.525
133,25/12/1986,17.356
133,26/12/1986,15.259
133,27/12/1986,15.038
133,28/12/1986,14.884
133,29/12/1986,12.984
133,30/12/1986,12.784
133,31/12/1986,12.784
133,01/01/1988,24.553
133,02/01/1988,48.415
133,03/01/1988,29.322
133,04/01/1988,23.063
133,05/01/1988,46.007
133,06/01/1988,73.183
133,07/01/1988,91.501
133,08/01/1988,77.77
133,09/01/1988,46.888
133,10/01/1988,28.734
133,11/01/1988,19.23
133,12/01/1988,16.942
133,13/01/1988,13.138
133,14/01/1988,12.784
133,15/01/1988,12.983
133,16/01/1988,18.29
133,17/01/1988,33.043
133,18/01/1988,43.849
133,19/01/1988,34.834
133,20/01/1988,30.356
133,21/01/1988,29.045
133,22/01/1988,26.505
133,23/01/1988,21.919
133,24/01/1988,15.16
133,25/01/1988,11.034
133,26/01/1988,10.421
133,27/01/1988,13.166
133,28/01/1988,15.614
133,29/01/1988,19.45
133,30/01/1988,63.991
133,31/01/1988,139.938
133,01/02/1988,150.53
133,02/02/1988,101.359
133,03/02/1988,85.568
133,04/02/1988,66.905
133,05/02/1988,41.71
133,06/02/1988,37.647
133,07/02/1988,34.175
133,08/02/1988,26.79
133,09/02/1988,12.943
133,10/02/1988,10.327
133,11/02/1988,7.551
133,12/02/1988,7.284
133,13/02/1988,6.514
133,14/02/1988,5.968
133,15/02/1988,5.917
133,16/02/1988,5.917
133,17/02/1988,5.917
133,18/02/1988,5.917
133,19/02/1988,5.851
133,20/02/1988,4.804
133,21/02/1988,4.687
133,22/02/1988,4.687
133,23/02/1988,4.828
133,24/02/1988,7.079
133,25/02/1988,7.417
133,26/02/1988,8.787
133,27/02/1988,9.038
133,28/02/1988,10.582
133,29/02/1988,10.454
133,01/03/1988,9.638
133,02/03/1988,9.007
133,03/03/1988,8.656
133,04/03/1988,7.635
133,05/03/1988,6.619
133,06/03/1988,7.93
133,07/03/1988,10.698
133,08/03/1988,13.163
133,09/03/1988,10.565
133,10/03/1988,9.674
133,11/03/1988,9.026
133,12/03/1988,9.563
133,13/03/1988,11.549
133,14/03/1988,11.861
133,15/03/1988,8.107
133,16/03/1988,18.583
133,17/03/1988,17.763
133,18/03/1988,14.317
133,19/03/1988,13.295
133,20/03/1988,14.712
133,21/03/1988,14.109
133,22/03/1988,14.038
133,23/03/1988,12.91
133,24/03/1988,13.518
133,25/03/1988,37.168
133,26/03/1988,251.755
133,27/03/1988,795.067
133,28/03/1988,1368.326
133,29/03/1988,1281.805
133,30/03/1988,1021.738
133,31/03/1988,709.724
133,01/04/1988,433.323
133,02/04/1988,261.711
133,03/04/1988,171.754
133,04/04/1988,110.26
133,05/04/1988,84.862
133,06/04/1988,71.996
133,07/04/1988,69.346
133,08/04/1988,67.654
133,09/04/1988,63.604
133,10/04/1988,60.492
133,11/04/1988,57.289
133,12/04/1988,53.133
133,13/04/1988,49.159
133,14/04/1988,47.002
133,15/04/1988,45.192
133,16/04/1988,45.01
133,17/04/1988,44.861
133,18/04/1988,36.278
133,19/04/1988,20.136
133,20/04/1988,62.833
133,21/04/1988,102.548
133,22/04/1988,90.074
133,23/04/1988,87.35
133,24/04/1988,86.554
133,25/04/1988,83.321
133,26/04/1988,60.315
133,27/04/1988,37.976
133,28/04/1988,30.168
133,29/04/1988,25.6
133,30/04/1988,22.024
133,01/05/1988,22.401
133,02/05/1988,20.277
133,03/05/1988,17.677
133,04/05/1988,15.657
133,05/05/1988,14.659
133,06/05/1988,14.52
133,07/05/1988,13.698
133,08/05/1988,12.867
133,09/05/1988,12.784
133,10/05/1988,12.784
133,11/05/1988,12.905
133,12/05/1988,14.956
133,13/05/1988,17.233
133,14/05/1988,16.495
133,15/05/1988,14.657
133,16/05/1988,12.954
133,17/05/1988,12.784
133,18/05/1988,12.717
133,19/05/1988,11.617
133,20/05/1988,10.809
133,21/05/1988,11.1
133,22/05/1988,22.081
133,23/05/1988,24.489
133,24/05/1988,26.119
133,25/05/1988,23.547
133,26/05/1988,23.172
133,27/05/1988,21.471
133,28/05/1988,19.098
133,29/05/1988,15.274
133,30/05/1988,14.917
133,31/05/1988,12.999
133,01/06/1988,12.784
133,02/06/1988,12.784
133,03/06/1988,12.675
133,04/06/1988,10.948
133,05/06/1988,10.3
133,06/06/1988,9.213
133,07/06/1988,12.539
133,08/06/1988,15.427
133,09/06/1988,18.832
133,10/06/1988,23.798
133,11/06/1988,27.637
133,12/06/1988,33.086
133,13/06/1988,28.865
133,14/06/1988,23.481
133,15/06/1988,22.036
133,16/06/1988,19.686
133,17/06/1988,15.979
133,18/06/1988,12.626
133,19/06/1988,10.079
133,20/06/1988,8.146
133,21/06/1988,8.331
133,22/06/1988,16.922
133,23/06/1988,27.336
133,24/06/1988,32.861
133,25/06/1988,22.809
133,26/06/1988,19.515
133,27/06/1988,17.785
133,28/06/1988,17.141
133,29/06/1988,15.903
133,30/06/1988,14.325
133,01/07/1988,16.743
133,02/07/1988,19.04
133,03/07/1988,20.682
133,04/07/1988,31.67
133,05/07/1988,81.559
133,06/07/1988,140.814
133,07/07/1988,148.945
133,08/07/1988,113.677
133,09/07/1988,99.609
133,10/07/1988,82.009
133,11/07/1988,59.043
133,12/07/1988,56.933
133,13/07/1988,52.359
133,14/07/1988,50.77
133,15/07/1988,47.194
133,16/07/1988,45.192
133,17/07/1988,44.861
133,18/07/1988,42.504
133,19/07/1988,42.192
133,20/07/1988,41.022
133,21/07/1988,33.446
133,22/07/1988,28.199
133,23/07/1988,27.969
133,24/07/1988,29.994
133,25/07/1988,33.644
133,26/07/1988,42.504
133,27/07/1988,57.619
133,28/07/1988,51.896
133,29/07/1988,42.926
133,30/07/1988,38.149
133,31/07/1988,35.107
133,01/08/1988,49.59
133,02/08/1988,112.164
133,03/08/1988,208.347
133,04/08/1988,196.413
133,05/08/1988,150.553
133,06/08/1988,94.049
133,07/08/1988,73.538
133,08/08/1988,64.075
133,09/08/1988,63.135
133,10/08/1988,57.813
133,11/08/1988,56.933
133,12/08/1988,61.247
133,13/08/1988,75.407
133,14/08/1988,69.946
133,15/08/1988,61.2
133,16/08/1988,58.869
133,17/08/1988,66.447
133,18/08/1988,82.453
133,19/08/1988,71.094
133,20/08/1988,66.754
133,21/08/1988,128.85
133,22/08/1988,177.03
133,23/08/1988,125.869
133,24/08/1988,94.769
133,25/08/1988,82.563
133,26/08/1988,61.067
133,27/08/1988,52.146
133,28/08/1988,47.393
133,29/08/1988,46.816
133,30/08/1988,45.043
133,31/08/1988,42.504
133,01/09/1988,42.24
133,02/09/1988,42.137
133,03/09/1988,40.445
133,04/09/1988,37.305
133,05/09/1988,33.931
133,06/09/1988,32.893
133,07/09/1988,30.029
133,08/09/1988,23.668
133,09/09/1988,15.447
133,10/09/1988,19.986
133,11/09/1988,36.736
133,12/09/1988,33.686
133,13/09/1988,25.366
133,14/09/1988,15.682
133,15/09/1988,14.908
133,16/09/1988,12.889
133,17/09/1988,11.593
133,18/09/1988,10.773
133,19/09/1988,10.002
133,20/09/1988,9.024
133,21/09/1988,8.941
133,22/09/1988,10.012
133,23/09/1988,21.635
133,24/09/1988,53.864
133,25/09/1988,85.621
133,26/09/1988,89.835
133,27/09/1988,55.486
133,28/09/1988,42.747
133,29/09/1988,37.552
133,30/09/1988,26.766
133,01/10/1988,22.828
133,02/10/1988,19.88
133,03/10/1988,16.24
133,04/10/1988,12.844
133,05/10/1988,12.821
133,06/10/1988,19.688
133,07/10/1988,17.141
133,08/10/1988,13.004
133,09/10/1988,11.239
133,10/10/1988,9.083
133,11/10/1988,8.902
133,12/10/1988,8.271
133,13/10/1988,7.405
133,14/10/1988,7.297
133,15/10/1988,6.789
133,16/10/1988,6.695
133,17/10/1988,6.156
133,18/10/1988,8.925
133,19/10/1988,12.482
133,20/10/1988,14.102
133,21/10/1988,22.264
133,22/10/1988,15.974
133,23/10/1988,9.068
133,24/10/1988,6.154
133,25/10/1988,5.917
133,26/10/1988,5.873
133,27/10/1988,5.217
133,28/10/1988,5.283
133,29/10/1988,8.116
133,30/10/1988,17.445
133,31/10/1988,32.365
133,01/11/1988,61.475
133,02/11/1988,62.085
133,03/11/1988,56.252
133,04/11/1988,36.336
133,05/11/1988,21.017
133,06/11/1988,13.911
133,07/11/1988,11.835
133,08/11/1988,9.001
133,09/11/1988,7.323
133,10/11/1988,6.028
133,11/11/1988,6.762
133,12/11/1988,12.963
133,13/11/1988,15.23
133,14/11/1988,21.516
133,15/11/1988,24.514
133,16/11/1988,16.725
133,17/11/1988,12.961
133,18/11/1988,13.773
133,19/11/1988,16.032
133,20/11/1988,12.913
133,21/11/1988,11.565
133,22/11/1988,11.662
133,23/11/1988,25.449
133,24/11/1988,32.825
133,25/11/1988,55.473
133,26/11/1988,50.465
133,27/11/1988,25.93
133,28/11/1988,17.45
133,29/11/1988,13.276
133,30/11/1988,12.401
133,01/12/1988,10.664
133,02/12/1988,9.658
133,03/12/1988,8.589
133,04/12/1988,7.33
133,05/12/1988,6.497
133,06/12/1988,5.959
133,07/12/1988,5.917
133,08/12/1988,5.887
133,09/12/1988,5.402
133,10/12/1988,4.703
133,11/12/1988,4.039
133,12/12/1988,3.785
133,13/12/1988,3.891
133,14/12/1988,6.695
133,15/12/1988,7.984
133,16/12/1988,7.25
133,17/12/1988,6.028
133,18/12/1988,5.917
133,19/12/1988,6.053
133,20/12/1988,7.653
133,21/12/1988,6.028
133,22/12/1988,5.917
133,23/12/1988,5.917
133,24/12/1988,6.091
133,25/12/1988,8.398
133,26/12/1988,6.875
133,27/12/1988,5.917
133,28/12/1988,5.917
133,29/12/1988,5.873
133,30/12/1988,5.19
133,31/12/1988,4.724
133,01/01/1989,4.668
133,02/01/1989,4.113
133,03/01/1989,3.767
133,04/01/1989,3.767
133,05/01/1989,3.758
133,06/01/1989,3.561
133,07/01/1989,3.542
133,08/01/1989,3.527
133,09/01/1989,3.24
133,10/01/1989,3.212
133,11/01/1989,3.189
133,12/01/1989,2.732
133,13/01/1989,2.687
133,14/01/1989,2.687
133,15/01/1989,2.774
133,16/01/1989,4.477
133,17/01/1989,3.821
133,18/01/1989,3.245
133,19/01/1989,2.911
133,20/01/1989,2.705
133,21/01/1989,2.687
133,22/01/1989,2.687
133,23/01/1989,2.687
133,24/01/1989,2.687
133,25/01/1989,2.678
133,26/01/1989,2.503
133,27/01/1989,2.486
133,28/01/1989,2.486
133,29/01/1989,2.486
133,30/01/1989,2.542
133,31/01/1989,3.634
133,01/02/1989,3.259
133,02/02/1989,3.212
133,03/02/1989,3.236
133,04/02/1989,3.72
133,05/02/1989,3.758
133,06/02/1989,3.546
133,07/02/1989,3.24
133,08/02/1989,3.212
133,09/02/1989,3.212
133,10/02/1989,3.207
133,11/02/1989,3.113
133,12/02/1989,3.104
133,13/02/1989,3.104
133,14/02/1989,3.086
133,15/02/1989,2.723
133,16/02/1989,2.687
133,17/02/1989,2.734
133,18/02/1989,3.675
133,19/02/1989,3.758
133,20/02/1989,3.61
133,21/02/1989,4.402
133,22/02/1989,3.28
133,23/02/1989,2.571
133,24/02/1989,2.288
133,25/02/1989,3.61
133,26/02/1989,3.259
133,27/02/1989,3.212
133,28/02/1989,3.212
133,01/03/1989,3.236
133,02/03/1989,3.696
133,03/03/1989,3.236
133,04/03/1989,2.732
133,05/03/1989,2.687
133,06/03/1989,2.687
133,07/03/1989,2.71
133,08/03/1989,3.167
133,09/03/1989,3.189
133,10/03/1989,2.732
133,11/03/1989,2.832
133,12/03/1989,3.173
133,13/03/1989,3.189
133,14/03/1989,2.732
133,15/03/1989,2.687
133,16/03/1989,2.687
133,17/03/1989,2.71
133,18/03/1989,3.167
133,19/03/1989,3.212
133,20/03/1989,3.198
133,21/03/1989,2.911
133,22/03/1989,2.705
133,23/03/1989,2.687
133,24/03/1989,3.559
133,25/03/1989,14.89
133,26/03/1989,26.21
133,27/03/1989,33.15
133,28/03/1989,22.923
133,29/03/1989,14.901
133,30/03/1989,11.167
133,31/03/1989,9.025
133,01/04/1989,7.407
133,02/04/1989,5.954
133,03/04/1989,4.055
133,04/04/1989,3.236
133,05/04/1989,2.732
133,06/04/1989,2.687
133,07/04/1989,2.678
133,08/04/1989,2.503
133,09/04/1989,3.095
133,10/04/1989,7.265
133,11/04/1989,12.32
133,12/04/1989,12.73
133,13/04/1989,11.612
133,14/04/1989,10.51
133,15/04/1989,8.461
133,16/04/1989,7.248
133,17/04/1989,15.553
133,18/04/1989,16.363
133,19/04/1989,12.86
133,20/04/1989,11.966
133,21/04/1989,10.431
133,22/04/1989,8.93
133,23/04/1989,7.407
133,24/04/1989,5.984
133,25/04/1989,4.762
133,26/04/1989,3.975
133,27/04/1989,3.767
133,28/04/1989,3.753
133,29/04/1989,3.459
133,30/04/1989,3.43
133,01/05/1989,3.43
133,02/05/1989,3.419
133,03/05/1989,3.233
133,04/05/1989,3.212
133,05/05/1989,3.212
133,06/05/1989,3.212
133,07/05/1989,3.229
133,08/05/1989,3.51
133,09/05/1989,3.542
133,10/05/1989,3.524
133,11/05/1989,3.243
133,12/05/1989,3.212
133,13/05/1989,3.206
133,14/05/1989,3.115
133,15/05/1989,3.14
133,16/05/1989,4.097
133,17/05/1989,4.687
133,18/05/1989,4.687
133,19/05/1989,4.687
133,20/05/1989,4.687
133,21/05/1989,4.663
133,22/05/1989,4.286
133,23/05/1989,4.152
133,24/05/1989,3.986
133,25/05/1989,3.789
133,26/05/1989,3.767
133,27/05/1989,4.254
133,28/05/1989,7.079
133,29/05/1989,7.11
133,30/05/1989,6.698
133,31/05/1989,5.929
133,01/06/1989,4.804
133,02/06/1989,4.663
133,03/06/1989,4.286
133,04/06/1989,4.231
133,05/06/1989,4.021
133,06/06/1989,3.998
133,07/06/1989,4.101
133,08/06/1989,5.734
133,09/06/1989,5.876
133,10/06/1989,5.204
133,11/06/1989,4.682
133,12/06/1989,3.855
133,13/06/1989,3.767
133,14/06/1989,3.767
133,15/06/1989,3.755
133,16/06/1989,3.563
133,17/06/1989,3.554
133,18/06/1989,3.746
133,19/06/1989,3.767
133,20/06/1989,3.78
133,21/06/1989,4.013
133,22/06/1989,4.867
133,23/06/1989,8.651
133,24/06/1989,18.241
133,25/06/1989,17.658
133,26/06/1989,14.552
133,27/06/1989,10.64
133,28/06/1989,7.867
133,29/06/1989,6.514
133,30/06/1989,5.968
133,01/07/1989,5.889
133,02/07/1989,5.414
133,03/07/1989,4.731
133,04/07/1989,4.273
133,05/07/1989,4.009
133,06/07/1989,3.789
133,07/07/1989,3.755
133,08/07/1989,3.624
133,09/07/1989,4.541
133,10/07/1989,4.064
133,11/07/1989,3.998
133,12/07/1989,4.035
133,13/07/1989,4.621
133,14/07/1989,4.65
133,15/07/1989,4.051
133,16/07/1989,3.789
133,17/07/1989,3.767
133,18/07/1989,3.767
133,19/07/1989,3.755
133,20/07/1989,3.69
133,21/07/1989,8.814
133,22/07/1989,21.053
133,23/07/1989,55.742
133,24/07/1989,96.029
133,25/07/1989,127.259
133,26/07/1989,85.442
133,27/07/1989,49.239
133,28/07/1989,38.306
133,29/07/1989,30.556
133,30/07/1989,26.642
133,31/07/1989,23.387
133,01/08/1989,20.393
133,02/08/1989,17.785
133,03/08/1989,21.79
133,04/08/1989,109.256
133,05/08/1989,236.825
133,06/08/1989,306.728
133,07/08/1989,215.395
133,08/08/1989,102.22
133,09/08/1989,78.718
133,10/08/1989,43.509
133,11/08/1989,33.157
133,12/08/1989,55.037
133,13/08/1989,34.596
133,14/08/1989,28.204
133,15/08/1989,23.387
133,16/08/1989,20.393
133,17/08/1989,17.652
133,18/08/1989,15.408
133,19/08/1989,23.392
133,20/08/1989,89.503
133,21/08/1989,207.073
133,22/08/1989,244.355
133,23/08/1989,207.801
133,24/08/1989,175.909
133,25/08/1989,141.533
133,26/08/1989,90.69
133,27/08/1989,67.423
133,28/08/1989,51.603
133,29/08/1989,37.531
133,30/08/1989,30.243
133,31/08/1989,26.816
133,01/09/1989,26.446
133,02/09/1989,25.737
133,03/09/1989,23.483
133,04/09/1989,23.172
133,05/09/1989,22.196
133,06/09/1989,31.438
133,07/09/1989,30.937
133,08/09/1989,56.937
133,09/09/1989,69.497
133,10/09/1989,56.889
133,11/09/1989,31.858
133,12/09/1989,24.907
133,13/09/1989,22.036
133,14/09/1989,20.333
133,15/09/1989,17.993
133,16/09/1989,15.274
133,17/09/1989,14.988
133,18/09/1989,14.126
133,19/09/1989,12.865
133,20/09/1989,11.962
133,21/09/1989,10.868
133,22/09/1989,11.424
133,23/09/1989,23.461
133,24/09/1989,17.002
133,25/09/1989,11.163
133,26/09/1989,10.735
133,27/09/1989,10.372
133,28/09/1989,9.674
133,29/09/1989,9.007
133,30/09/1989,8.905
133,01/10/1989,8.302
133,02/10/1989,7.665
133,03/10/1989,7.06
133,04/10/1989,6.485
133,05/10/1989,5.968
133,06/10/1989,5.889
133,07/10/1989,5.426
133,08/10/1989,4.952
133,09/10/1989,4.697
133,10/10/1989,4.459
133,11/10/1989,4.042
133,12/10/1989,3.992
133,13/10/1989,3.893
133,14/10/1989,3.876
133,15/10/1989,3.893
133,16/10/1989,5.659
133,17/10/1989,4.989
133,18/10/1989,4.506
133,19/10/1989,4.437
133,20/10/1989,4.042
133,21/10/1989,3.992
133,22/10/1989,3.893
133,23/10/1989,3.95
133,24/10/1989,5.011
133,25/10/1989,4.647
133,26/10/1989,4.437
133,27/10/1989,4.042
133,28/10/1989,3.998
133,29/10/1989,4.263
133,30/10/1989,8.417
133,31/10/1989,7.365
133,01/11/1989,5.074
133,02/11/1989,4.49
133,03/11/1989,4.036
133,04/11/1989,3.857
133,05/11/1989,5.216
133,06/11/1989,4.95
133,07/11/1989,4.49
133,08/11/1989,4.046
133,09/11/1989,3.989
133,10/11/1989,3.791
133,11/11/1989,3.91
133,12/11/1989,9.974
133,13/11/1989,11.767
133,14/11/1989,7.871
133,15/11/1989,7.523
133,16/11/1989,27.191
133,17/11/1989,19.95
133,18/11/1989,14.778
133,19/11/1989,11.324
133,20/11/1989,8.449
133,21/11/1989,6.87
133,22/11/1989,5.972
133,23/11/1989,6.192
133,24/11/1989,13.223
133,25/11/1989,10.315
133,26/11/1989,7.473
133,27/11/1989,6.792
133,28/11/1989,6.467
133,29/11/1989,5.952
133,30/11/1989,5.456
133,01/12/1989,5.384
133,02/12/1989,4.959
133,03/12/1989,4.702
133,04/12/1989,4.6
133,05/12/1989,7.903
133,06/12/1989,13.28
133,07/12/1989,14.83
133,08/12/1989,11.445
133,09/12/1989,8.362
133,10/12/1989,6.801
133,11/12/1989,6.001
133,12/12/1989,6.192
133,13/12/1989,13.304
133,14/12/1989,12.032
133,15/12/1989,9.127
133,16/12/1989,9.417
133,17/12/1989,23.901
133,18/12/1989,71.06
133,19/12/1989,67.743
133,20/12/1989,48.251
133,21/12/1989,34.246
133,22/12/1989,21.879
133,23/12/1989,15.733
133,24/12/1989,12.012
133,25/12/1989,9.727
133,26/12/1989,8.948
133,27/12/1989,7.461
133,28/12/1989,6.527
133,29/12/1989,5.952
133,30/12/1989,5.436
133,31/12/1989,4.968
133,01/01/1990,4.906
133,02/01/1990,4.672
133,03/01/1990,4.051
133,04/01/1990,3.789
133,05/01/1990,3.767
133,06/01/1990,3.767
133,07/01/1990,3.755
133,08/01/1990,3.563
133,09/01/1990,3.542
133,10/01/1990,3.536
133,11/01/1990,3.441
133,12/01/1990,3.419
133,13/01/1990,3.233
133,14/01/1990,3.212
133,15/01/1990,3.206
133,16/01/1990,3.115
133,17/01/1990,3.104
133,18/01/1990,3.099
133,19/01/1990,3.008
133,20/01/1990,2.998
133,21/01/1990,2.998
133,22/01/1990,2.992
133,23/01/1990,2.903
133,24/01/1990,2.893
133,25/01/1990,2.888
133,26/01/1990,2.799
133,27/01/1990,2.784
133,28/01/1990,2.697
133,29/01/1990,2.794
133,30/01/1990,4.447
133,31/01/1990,3.837
133,01/02/1990,3.451
133,02/02/1990,3.718
133,03/02/1990,11.001
133,04/02/1990,26.812
133,05/02/1990,26.656
133,06/02/1990,20.294
133,07/02/1990,9.547
133,08/02/1990,3.851
133,09/02/1990,3.725
133,10/02/1990,15.97
133,11/02/1990,27.576
133,12/02/1990,22.027
133,13/02/1990,16.768
133,14/02/1990,15.123
133,15/02/1990,27.08
133,16/02/1990,65.252
133,17/02/1990,156.744
133,18/02/1990,144.019
133,19/02/1990,97.88
133,20/02/1990,73.065
133,21/02/1990,62.396
133,22/02/1990,49.363
133,23/02/1990,31.825
133,24/02/1990,67.616
133,25/02/1990,97.121
133,26/02/1990,73.574
133,27/02/1990,72.487
133,28/02/1990,68.953
133,01/03/1990,122.7
133,02/03/1990,110.685
133,03/03/1990,96.719
133,04/03/1990,73.721
133,05/03/1990,61.938
133,06/03/1990,45.124
133,07/03/1990,28.961
133,08/03/1990,22.18
133,09/03/1990,18.702
133,10/03/1990,17.549
133,11/03/1990,16.497
133,12/03/1990,15.073
133,13/03/1990,13.989
133,14/03/1990,16.126
133,15/03/1990,13.705
133,16/03/1990,11.258
133,17/03/1990,10.275
133,18/03/1990,9.658
133,19/03/1990,8.957
133,20/03/1990,8.289
133,21/03/1990,7.652
133,22/03/1990,7.047
133,23/03/1990,6.473
133,24/03/1990,5.93
133,25/03/1990,7.081
133,26/03/1990,41.512
133,27/03/1990,71.047
133,28/03/1990,64.991
133,29/03/1990,53.527
133,30/03/1990,47.035
133,31/03/1990,40.463
133,01/04/1990,80.319
133,02/04/1990,155.948
133,03/04/1990,109.017
133,04/04/1990,77.927
133,05/04/1990,69.986
133,06/04/1990,60.532
133,07/04/1990,45.593
133,08/04/1990,76.499
133,09/04/1990,90.703
133,10/04/1990,76.12
133,11/04/1990,49.159
133,12/04/1990,42.25
133,13/04/1990,62.013
133,14/04/1990,113.1
133,15/04/1990,428.553
133,16/04/1990,994.365
133,17/04/1990,1696.139
133,18/04/1990,1693.919
133,19/04/1990,1037.222
133,20/04/1990,631.005
133,21/04/1990,288.365
133,22/04/1990,146.248
133,23/04/1990,171.756
133,24/04/1990,348.977
133,25/04/1990,529.46
133,26/04/1990,366.21
133,27/04/1990,556.295
133,28/04/1990,724.089
133,29/04/1990,353.908
133,30/04/1990,226.54
133,01/05/1990,175.316
133,02/05/1990,101.912
133,03/05/1990,86.528
133,04/05/1990,80.219
133,05/05/1990,74.563
133,06/05/1990,69.397
133,07/05/1990,64.9
133,08/05/1990,61.996
133,09/05/1990,54.234
133,10/05/1990,36.37
133,11/05/1990,31.862
133,12/05/1990,30.059
133,13/05/1990,28.619
133,14/05/1990,27.259
133,15/05/1990,26.735
133,16/05/1990,29.509
133,17/05/1990,27.324
133,18/05/1990,25.806
133,19/05/1990,40.202
133,20/05/1990,51.018
133,21/05/1990,42.543
133,22/05/1990,38.972
133,23/05/1990,34.092
133,24/05/1990,32.264
133,25/05/1990,31.115
133,26/05/1990,45.056
133,27/05/1990,42.451
133,28/05/1990,38.149
133,29/05/1990,35.534
133,30/05/1990,33.815
133,31/05/1990,31.618
133,01/06/1990,30.059
133,02/06/1990,28.582
133,03/06/1990,28.326
133,04/06/1990,64.883
133,05/06/1990,149.31
133,06/06/1990,322.782
133,07/06/1990,710.988
133,08/06/1990,581.336
133,09/06/1990,252.761
133,10/06/1990,135.403
133,11/06/1990,97.739
133,12/06/1990,82.205
133,13/06/1990,73.541
133,14/06/1990,68.165
133,15/06/1990,55.405
133,16/06/1990,47.143
133,17/06/1990,42.451
133,18/06/1990,38.064
133,19/06/1990,33.474
133,20/06/1990,30.02
133,21/06/1990,26.642
133,22/06/1990,23.387
133,23/06/1990,20.393
133,24/06/1990,19.627
133,25/06/1990,47.712
133,26/06/1990,46.101
133,27/06/1990,38.413
133,28/06/1990,33.449
133,29/06/1990,23.787
133,30/06/1990,18.802
133,01/07/1990,16.7
133,02/07/1990,16.423
133,03/07/1990,15.127
133,04/07/1990,14.126
133,05/07/1990,13.47
133,06/07/1990,22.082
133,07/07/1990,20.032
133,08/07/1990,17.545
133,09/07/1990,15.154
133,10/07/1990,12.999
133,11/07/1990,12.739
133,12/07/1990,12.026
133,13/07/1990,13.545
133,14/07/1990,22.457
133,15/07/1990,23.172
133,16/07/1990,22.761
133,17/07/1990,32.462
133,18/07/1990,30.559
133,19/07/1990,33.223
133,20/07/1990,30.356
133,21/07/1990,29.88
133,22/07/1990,27.984
133,23/07/1990,26.011
133,24/07/1990,23.42
133,25/07/1990,23.172
133,26/07/1990,22.036
133,27/07/1990,20.363
133,28/07/1990,19.182
133,29/07/1990,18.126
133,30/07/1990,17.52
133,31/07/1990,16.599
133,01/08/1990,16.475
133,02/08/1990,16.051
133,03/08/1990,15.952
133,04/08/1990,15.13
133,05/08/1990,15.012
133,06/08/1990,14.613
133,07/08/1990,14.568
133,08/08/1990,14.52
133,09/08/1990,13.745
133,10/08/1990,13.784
133,11/08/1990,15.729
133,12/08/1990,15.13
133,13/08/1990,14.988
133,14/08/1990,14.173
133,15/08/1990,13.701
133,16/08/1990,13.611
133,17/08/1990,12.822
133,18/08/1990,12.004
133,19/08/1990,11.537
133,20/08/1990,10.83
133,21/08/1990,10.715
133,22/08/1990,10.075
133,23/08/1990,9.984
133,24/08/1990,9.676
133,25/08/1990,9.604
133,26/08/1990,9.007
133,27/08/1990,8.905
133,28/08/1990,8.336
133,29/08/1990,8.222
133,30/08/1990,7.421
133,31/08/1990,7.331
133,01/09/1990,7.331
133,02/09/1990,7.314
133,03/09/1990,7.023
133,04/09/1990,6.505
133,05/09/1990,6.428
133,06/09/1990,5.959
133,07/09/1990,6.091
133,08/09/1990,10.834
133,09/09/1990,19.532
133,10/09/1990,27.99
133,11/09/1990,53.478
133,12/09/1990,42.218
133,13/09/1990,41.558
133,14/09/1990,67.855
133,15/09/1990,54.81
133,16/09/1990,33.035
133,17/09/1990,24.721
133,18/09/1990,22.058
133,19/09/1990,20.236
133,20/09/1990,18.069
133,21/09/1990,25.983
133,22/09/1990,27.993
133,23/09/1990,23.387
133,24/09/1990,20.297
133,25/09/1990,18.657
133,26/09/1990,17.549
133,27/09/1990,16.497
133,28/09/1990,15.073
133,29/09/1990,13.716
133,30/09/1990,12.804
133,01/10/1990,11.96
133,02/10/1990,10.824
133,03/10/1990,10.022
133,04/10/1990,9.296
133,05/10/1990,21.21
133,06/10/1990,70.978
133,07/10/1990,230.87
133,08/10/1990,339.841
133,09/10/1990,233.221
133,10/10/1990,121.093
133,11/10/1990,87.824
133,12/10/1990,70.699
133,13/10/1990,62.502
133,14/10/1990,56.366
133,15/10/1990,47.827
133,16/10/1990,51.267
133,17/10/1990,44.842
133,18/10/1990,32.292
133,19/10/1990,23.76
133,20/10/1990,22.042
133,21/10/1990,20.356
133,22/10/1990,19.159
133,23/10/1990,17.554
133,24/10/1990,15.151
133,25/10/1990,12.939
133,26/10/1990,11.982
133,27/10/1990,11.212
133,28/10/1990,11.214
133,29/10/1990,17.253
133,30/10/1990,52.755
133,31/10/1990,199.902
133,01/11/1990,333.043
133,02/11/1990,237.934
133,03/11/1990,125.518
133,04/11/1990,120.593
133,05/11/1990,169.323
133,06/11/1990,229.292
133,07/11/1990,209.046
133,08/11/1990,109.633
133,09/11/1990,76.106
133,10/11/1990,66.026
133,11/11/1990,57.263
133,12/11/1990,41.531
133,13/11/1990,31.016
133,14/11/1990,29.431
133,15/11/1990,43.223
133,16/11/1990,152.272
133,17/11/1990,680.161
133,18/11/1990,728.826
133,19/11/1990,345.735
133,20/11/1990,176.689
133,21/11/1990,100.839
133,22/11/1990,72.271
133,23/11/1990,61.436
133,24/11/1990,37.139
133,25/11/1990,49.289
133,26/11/1990,46.176
133,27/11/1990,42.033
133,28/11/1990,80.383
133,29/11/1990,67.158
133,30/11/1990,56.588
133,01/12/1990,50.693
133,02/12/1990,49.282
133,03/12/1990,78.462
133,04/12/1990,84.513
133,05/12/1990,84.65
133,06/12/1990,105.16
133,07/12/1990,156.854
133,08/12/1990,245.066
133,09/12/1990,279.555
133,10/12/1990,164.691
133,11/12/1990,92.229
133,12/12/1990,67.212
133,13/12/1990,58.135
133,14/12/1990,40.472
133,15/12/1990,28.642
133,16/12/1990,22.607
133,17/12/1990,19.412
133,18/12/1990,17.602
133,19/12/1990,17.45
133,20/12/1990,16.504
133,21/12/1990,15.588
133,22/12/1990,15.447
133,23/12/1990,14.571
133,24/12/1990,13.661
133,25/12/1990,12.787
133,26/12/1990,12.278
133,27/12/1990,12.007
133,28/12/1990,11.72
133,29/12/1990,11.093
133,30/12/1990,10.676
133,31/12/1990,10.403
133,01/01/1991,9.644
133,02/01/1991,8.992
133,03/01/1991,8.892
133,04/01/1991,8.321
133,05/01/1991,8.226
133,06/01/1991,7.661
133,07/01/1991,7.353
133,08/01/1991,7.449
133,09/01/1991,8.49
133,10/01/1991,7.4
133,11/01/1991,7.268
133,12/01/1991,6.484
133,13/01/1991,5.956
133,14/01/1991,5.879
133,15/01/1991,5.75
133,16/01/1991,10.59
133,17/01/1991,25.255
133,18/01/1991,17.9
133,19/01/1991,14.907
133,20/01/1991,10.886
133,21/01/1991,8.385
133,22/01/1991,7.861
133,23/01/1991,12.648
133,24/01/1991,10.129
133,25/01/1991,8.901
133,26/01/1991,7.385
133,27/01/1991,6.484
133,28/01/1991,6.457
133,29/01/1991,12.135
133,30/01/1991,9.911
133,31/01/1991,7.385
133,01/02/1991,6.704
133,02/02/1991,8.687
133,03/02/1991,7.978
133,04/02/1991,7.083
133,05/02/1991,5.939
133,06/02/1991,5.441
133,07/02/1991,5.793
133,08/02/1991,10.283
133,09/02/1991,9.671
133,10/02/1991,8.659
133,11/02/1991,7.336
133,12/02/1991,6.484
133,13/02/1991,5.919
133,14/02/1991,5.405
133,15/02/1991,4.954
133,16/02/1991,5.352
133,17/02/1991,7.087
133,18/02/1991,5.982
133,19/02/1991,5.441
133,20/02/1991,5.368
133,21/02/1991,5.027
133,22/02/1991,5.844
133,23/02/1991,5.879
133,24/02/1991,5.388
133,25/02/1991,4.739
133,26/02/1991,4.655
133,27/02/1991,4.67
133,28/02/1991,9.197
133,01/03/1991,10.422
133,02/03/1991,19.286
133,03/03/1991,30.624
133,04/03/1991,23.967
133,05/03/1991,26.008
133,06/03/1991,21.913
133,07/03/1991,15.254
133,08/03/1991,12.8
133,09/03/1991,10.771
133,10/03/1991,9.56
133,11/03/1991,7.436
133,12/03/1991,6.484
133,13/03/1991,5.956
133,14/03/1991,6.137
133,15/03/1991,8.387
133,16/03/1991,7.297
133,17/03/1991,6.24
133,18/03/1991,8.603
133,19/03/1991,7.449
133,20/03/1991,7.288
133,21/03/1991,6.785
133,22/03/1991,6.682
133,23/03/1991,5.977
133,24/03/1991,5.879
133,25/03/1991,5.441
133,26/03/1991,5.368
133,27/03/1991,4.954
133,28/03/1991,5.212
133,29/03/1991,8.599
133,30/03/1991,8.253
133,31/03/1991,7.4
133,01/04/1991,7.288
133,02/04/1991,6.765
133,03/04/1991,6.441
133,04/04/1991,5.919
133,05/04/1991,5.65
133,06/04/1991,7.973
133,07/04/1991,7.042
133,08/04/1991,5.998
133,09/04/1991,5.879
133,10/04/1991,5.441
133,11/04/1991,5.133
133,12/04/1991,8.515
133,13/04/1991,8.253
133,14/04/1991,7.357
133,15/04/1991,6.785
133,16/04/1991,6.903
133,17/04/1991,8.78
133,18/04/1991,9.221
133,19/04/1991,12.443
133,20/04/1991,11.893
133,21/04/1991,10.099
133,22/04/1991,8.304
133,23/04/1991,7.517
133,24/04/1991,11.485
133,25/04/1991,22.258
133,26/04/1991,19.73
133,27/04/1991,15.172
133,28/04/1991,11.889
133,29/04/1991,9.671
133,30/04/1991,8.992
133,01/05/1991,9.146
133,02/05/1991,15.755
133,03/05/1991,43.533
133,04/05/1991,81.917
133,05/05/1991,198.776
133,06/05/1991,250.335
133,07/05/1991,154.829
133,08/05/1991,89.381
133,09/05/1991,64.738
133,10/05/1991,50.496
133,11/05/1991,39.881
133,12/05/1991,33.972
133,13/05/1991,28.718
133,14/05/1991,21.884
133,15/05/1991,17.758
133,16/05/1991,16.097
133,17/05/1991,15.13
133,18/05/1991,14.988
133,19/05/1991,14.197
133,20/05/1991,14.292
133,21/05/1991,17.782
133,22/05/1991,22.242
133,23/05/1991,20.699
133,24/05/1991,22.954
133,25/05/1991,23.078
133,26/05/1991,20.338
133,27/05/1991,16.39
133,28/05/1991,13.909
133,29/05/1991,14.832
133,30/05/1991,13.789
133,31/05/1991,13.611
