ID,FECHA_SARANDI,SARANDI,FECHA_POLANCO,POLANCO,FECHA_DURAZNO,DURAZNO
1,'03-Nov-2009 23:00:00',5.62,'05-Nov-2009 21:00:00',8.54,'07-Nov-2009 07:00:00',7.94
2,'20-Nov-2009 03:00:00',6.62,'22-Nov-2009 02:00:00',9.85,'23-Nov-2009 17:00:00',9.26
3,'27-Nov-2009 18:00:00',4.24,'28-Nov-2009 21:00:00',6.75,'29-Nov-2009 13:00:00',6.64
4,'05-Feb-2010 03:00:00',5.88,'08-Feb-2010 11:00:00',12.05,'09-Feb-2010 14:00:00',12.46
5,'NaT',NaN,'30-Jun-2010 10:00:00',7.23,'01-Jul-2010 17:00:00',6.06
6,'NaT',NaN,'03-Aug-2010 19:00:00',6.59,'05-Aug-2010 04:00:00',4.82
7,'NaT',NaN,'04-Sep-2010 11:00:00',8.23,'05-Sep-2010 17:00:00',7.93
8,'15-Sep-2010 11:00:00',4.81,'17-Sep-2010 21:00:00',6.08,'19-Sep-2010 05:00:00',4.33
9,'26-May-2011 08:00:00',5.58,'28-May-2011 17:00:00',7.26,'27-May-2011 13:00:00',6.8
10,'24-Jun-2011 09:00:00',5.77,'26-Jun-2011 09:00:00',8.03,'25-Jun-2011 08:00:00',8.38
11,'17-Jul-2011 02:00:00',7.14,'18-Jul-2011 23:00:00',9.72,'20-Jul-2011 18:00:00',9.62
12,'04-Aug-2011 05:00:00',3.44,'04-Aug-2011 21:00:00',5.27,'05-Aug-2011 01:00:00',4.68
13,'17-Aug-2011 17:00:00',5.57,'19-Aug-2011 21:00:00',7.55,'21-Aug-2011 09:00:00',7.33
14,'29-Aug-2011 07:00:00',4.99,'31-Aug-2011 11:00:00',6.48,'01-Sep-2011 18:00:00',5.53
15,'NaT',NaN,'13-Oct-2011 19:00:00',5.3,'15-Oct-2011 00:00:00',4.74
16,'17-Jun-2012 11:00:00',3.55,'18-Jun-2012 11:00:00',6.09,'18-Jun-2012 03:00:00',5.75
17,'30-Jun-2012 19:00:00',5.23,'02-Jul-2012 14:00:00',8.05,'03-Jul-2012 22:00:00',8.12
18,'21-Aug-2012 16:00:00',6.41,'23-Aug-2012 10:00:00',9.71,'25-Aug-2012 07:00:00',9.65
19,'21-Sep-2012 23:00:00',2.91,'22-Sep-2012 20:00:00',4.61,'22-Sep-2012 13:00:00',4.06
20,'10-Oct-2012 13:00:00',6.54,'12-Oct-2012 09:00:00',8.68,'13-Oct-2012 19:00:00',8.66
21,'23-Oct-2012 16:00:00',4.76,'25-Oct-2012 02:00:00',8.81,'26-Oct-2012 00:00:00',8.94
22,'04-Apr-2013 15:00:00',5.26,'07-Apr-2013 21:00:00',5.45,'09-Apr-2013 00:00:00',3.88
23,'13-Apr-2013 03:00:00',4.72,'15-Apr-2013 21:00:00',5.89,'17-Apr-2013 14:00:00',4.5
24,'04-May-2013 17:00:00',5.55,'06-May-2013 22:00:00',7.71,'08-May-2013 03:00:00',7.51
25,'15-May-2013 19:00:00',4.76,'18-May-2013 19:00:00',5.77,'20-May-2013 01:00:00',4.62
26,'30-May-2013 02:00:00',5.48,'01-Jun-2013 15:00:00',6.98,'03-Jun-2013 03:00:00',6.11
27,'07-Jul-2013 03:00:00',6.68,'09-Jul-2013 10:00:00',7.88,'11-Jul-2013 01:00:00',7.51
28,'03-Aug-2013 23:00:00',5.35,'06-Aug-2013 09:00:00',6.94,'10-Aug-2013 02:00:00',6.42
29,'15-Sep-2013 19:00:00',6.18,'17-Sep-2013 17:00:00',8.92,'19-Sep-2013 08:00:00',9.37
30,'03-Feb-2014 09:00:00',6.68,'05-Feb-2014 00:00:00',10.33,'04-Feb-2014 16:00:00',11.23
31,'NaT',NaN,'15-Apr-2014 01:00:00',8.2,'14-Apr-2014 16:00:00',8.38
32,'15-Jun-2014 00:00:00',2.96,'16-Jun-2014 00:00:00',5.21,'16-Jun-2014 19:00:00',4.15
33,'25-Jun-2014 09:00:00',4.93,'27-Jun-2014 08:00:00',7.27,'28-Jun-2014 15:00:00',6.48
34,'06-Jul-2014 16:00:00',6.16,'08-Jul-2014 10:00:00',9.42,'07-Jul-2014 15:00:00',9.46
35,'NaT',NaN,'16-Sep-2014 22:00:00',11.96,'18-Sep-2014 15:00:00',12.21
36,'NaT',NaN,'12-Oct-2014 17:00:00',8.07,'11-Oct-2014 06:00:00',8.38
37,'NaT',NaN,'19-Oct-2014 17:00:00',6.94,'21-Oct-2014 02:00:00',6.33
38,'NaT',NaN,'06-Nov-2014 09:00:00',7.7,'05-Nov-2014 10:00:00',8.39
39,'13-Aug-2015 14:00:00',7.12,'15-Aug-2015 13:00:00',12.25,'17-Aug-2015 06:00:00',12.58
40,'28-Aug-2015 09:00:00',4.06,'30-Aug-2015 21:00:00',5.46,'31-Aug-2015 22:00:00',4.31
41,'26-Sep-2015 04:00:00',4.51,'28-Sep-2015 08:00:00',6.72,'29-Sep-2015 19:00:00',5.87
42,'03-Oct-2015 13:00:00',4.81,'05-Oct-2015 10:00:00',7.46,'06-Oct-2015 18:00:00',6.78
43,'NaT',NaN,'21-Dec-2015 06:00:00',3.95,'23-Dec-2015 13:00:00',4.9
44,'NaT',NaN,'03-Jan-2016 05:00:00',6.72,'04-Jan-2016 10:00:00',5.78
45,'18-Apr-2016 15:00:00',7.68,'20-Apr-2016 08:00:00',12.76,'22-Apr-2016 07:00:00',12.91
46,'06-Jul-2016 08:00:00',5.41,'08-Jul-2016 10:00:00',8.56,'09-Jul-2016 17:00:00',8.62
47,'29-Aug-2016 13:00:00',4.61,'31-Aug-2016 13:00:00',6.74,'01-Sep-2016 18:00:00',6.23
48,'06-Sep-2016 23:00:00',4.66,'08-Sep-2016 10:00:00',7.56,'09-Sep-2016 17:00:00',7.53
49,'14-Sep-2016 03:00:00',5.01,'16-Sep-2016 09:00:00',6.96,'17-Sep-2016 16:00:00',6.33
50,'28-Nov-2016 19:00:00',3.69,'01-Dec-2016 11:00:00',3.9,'03-Dec-2016 01:00:00',2.85
51,'NaT',NaN,'29-Dec-2016 11:00:00',7.63,'30-Dec-2016 23:00:00',7.05
52,'15-Feb-2017 02:00:00',4.58,'17-Feb-2017 09:00:00',6.59,'15-Feb-2017 20:00:00',6.8
53,'11-Mar-2017 13:00:00',3.35,'14-Mar-2017 07:00:00',4.58,'15-Mar-2017 00:00:00',3.13
54,'30-May-2017 10:00:00',4.36,'30-May-2017 05:00:00',6.6,'31-May-2017 00:00:00',6.24
55,'13-Aug-2017 04:00:00',6.17,'15-Aug-2017 10:00:00',8.87,'17-Aug-2017 02:00:00',8.61
56,'27-Aug-2017 17:00:00',4.83,'30-Aug-2017 01:00:00',8.25,'31-Aug-2017 00:00:00',9.1
57,'11-Sep-2017 19:00:00',6.16,'13-Sep-2017 13:00:00',9.74,'15-Sep-2017 02:00:00',9.84
58,'19-Oct-2017 05:00:00',4.74,'22-Oct-2017 01:00:00',6.77,'23-Oct-2017 11:00:00',6.11
59,'29-Oct-2017 03:00:00',3.21,'30-Oct-2017 11:00:00',5.1,'31-Oct-2017 20:00:00',3.6
60,'02-Jun-2018 19:00:00',2.16,'04-Jun-2018 01:00:00',4.3,'04-Jun-2018 21:00:00',3.17
61,'13-Jun-2018 03:00:00',5,'16-Jun-2018 02:00:00',5.2,'17-Jun-2018 11:00:00',3.52
62,'NaT',NaN,'10-Jul-2018 22:00:00',6.98,'12-Jul-2018 03:00:00',6.09
63,'27-Jul-2018 09:00:00',5.33,'29-Jul-2018 13:00:00',7.66,'31-Jul-2018 02:00:00',7.3
64,'31-Aug-2018 11:00:00',5.29,'02-Sep-2018 19:00:00',7.67,'04-Sep-2018 01:00:00',7.69
65,'09-Oct-2018 02:00:00',4.28,'NaT',NaN,'05-Oct-2018 15:00:00',5.83
66,'14-Oct-2018 04:00:00',4.22,'NaT',NaN,'18-Oct-2018 01:00:00',3.76
67,'19-Dec-2018 11:00:00',3.74,'NaT',NaN,'19-Dec-2018 13:00:00',8.2
68,'08-Jan-2019 05:00:00',6.88,'NaT',NaN,'12-Jan-2019 01:00:00',11.09
69,'23-May-2019 11:00:00',2.67,'24-May-2019 13:00:00',4.8,'23-May-2019 16:00:00',4.27
70,'16-Jun-2019 22:00:00',7.63,'18-Jun-2019 13:00:00',13.07,'18-Jun-2019 01:00:00',12.82
71,'30-Jun-2019 07:00:00',4.54,'02-Jul-2019 15:00:00',6.1,'03-Jul-2019 23:00:00',4.55
72,'28-Jun-2019 02:00:00',3.48,'30-Jun-2019 16:00:00',5.03,'29-Jun-2019 02:00:00',4.26
73,'10-Aug-2019 13:00:00',5.07,'12-Aug-2019 15:00:00',7.89,'13-Aug-2019 18:00:00',6.72
74,'03-Oct-2019 04:00:00',6.06,'05-Oct-2019 04:00:00',8.94,'06-Oct-2019 16:00:00',8.8
75,'14-Oct-2019 02:00:00',6.56,'15-Oct-2019 20:00:00',10.03,'17-Oct-2019 20:00:00',10
76,'NaT',NaN,'29-Apr-2020 18:00:00',5.02,'30-Apr-2020 06:00:00',4.69
77,'25-Jun-2020 13:00:00',5.83,'26-Jun-2020 23:00:00',9,'28-Jun-2020 00:00:00',9.27
78,'03-Sep-2020 19:00:00',5.23,'06-Sep-2020 02:00:00',7.32,'07-Sep-2020 10:00:00',6.89
79,'12-Apr-2021 06:00:00',5.19,'14-Apr-2021 15:00:00',7.02,'16-Apr-2021 02:00:00',6.24
80,'06-Jun-2021 05:00:00',5.23,'08-Jun-2021 01:00:00',8.35,'07-Jun-2021 03:00:00',8.55
81,'25-Jun-2021 07:00:00',5.62,'27-Jun-2021 11:00:00',8.07,'28-Jun-2021 10:00:00',7.93
82,'15-Jul-2021 03:00:00',5.49,'17-Jul-2021 03:00:00',8.31,'19-Jul-2021 03:00:00',8.34
83,'10-Aug-2021 08:00:00',4.54,'12-Aug-2021 09:00:00',6.38,'14-Aug-2021 04:00:00',5.54
84,'03-Sep-2021 12:00:00',4.96,'05-Sep-2021 12:00:00',7.46,'06-Sep-2021 01:00:00',7.28
85,'27-Jan-2022 09:00:00',6.74,'29-Jan-2022 02:00:00',9.09,'31-Jan-2022 05:00:00',8.81
86,'01-Mar-2022 06:00:00',2.16,'28-Feb-2022 05:00:00',4.74,'01-Mar-2022 03:00:00',5.94
87,'28-May-2024 05:00:00',5.44,'30-May-2024 12:00:00',8.78,'30-May-2024 07:00:00',9.46
88,'19-May-2025 00:00:00',1.88,'19-May-2025 09:00:00',4.88,'21-May-2025 07:00:00',4.59
89,'30-May-2025 03:00:00',3.61,'31-May-2025 08:00:00',5.63,'30-May-2025 12:00:00',5.17
90,'18-Jun-2025 10:00:00',4.25,'21-Jun-2025 00:00:00',6.28,'20-Jun-2025 05:00:00',5.52
91,'22-Aug-2025 08:00:00',2.86,'23-Aug-2025 11:00:00',4.85,'23-Aug-2025 01:00:00',4.09
92,'NaT',NaN,'05-Sep-2025 10:00:00',5.36,'06-Sep-2025 06:00:00',4.61
93,'NaT',NaN,'17-Apr-2026 00:00:00',6.4,'18-Apr-2026 09:00:00',7.7
94,'09-May-2026 00:00:00',5.1,'11-May-2026 00:00:00',7.49,'12-May-2026 08:00:00',7.25
95,'20-Jul-2026 01:00:00',7.5,'22-Jul-2026 06:00:00',9.85,'24-Jul-2026 05:00:00',10.01
96,'03-Aug-2026 05:00:00',4.32,'05-Aug-2026 02:00:00',6.51,'07-Aug-2026 11:00:00',6.6
97,'18-Aug-2026 07:00:00',7.16,'21-Aug-2026 09:00:00',10.31,'23-Aug-2026 01:00:00',10.66
