Fecha,Precip,PET,QM
1/1/2019,0,4.6,2.071
1/2/2019,30.03333286,3.9,3.11
1/3/2019,17.66666626,3.4,21.901
1/4/2019,0,4.5,22.433
1/5/2019,0,5.6,11.766
1/6/2019,11.39999969,4.1,10.085
1/7/2019,8.700000085,5.2,78.133
1/8/2019,16.48888885,6.8,53.181
1/9/2019,14.60000003,3.7,50.887
1/10/2019,6.933333464,2.4,54.125
1/11/2019,0.333333315,4.5,52.397
1/12/2019,0.111111102,3.2,40.953
1/13/2019,4.911111046,3.1,30.623
1/14/2019,4.444444539,4.6,31.712
1/15/2019,39.00230234,2.4,39.514
1/16/2019,17.22222211,3.9,175.641
1/17/2019,6.722222305,3.8,182.496
1/18/2019,24.21111103,2.8,173.883
1/19/2019,9.555555455,5.2,307.933
1/20/2019,0,4.8,360.076
1/21/2019,0,4.5,243.388
1/22/2019,0,5.1,185.416
1/23/2019,0,3.3,127.703
1/24/2019,0,5.3,71.371
1/25/2019,0,4.5,42.376
1/26/2019,0.666666685,4.7,28.205
1/27/2019,0,4.8,20.591
1/28/2019,0,5.6,18.187
1/29/2019,0.222222212,6.2,16.664
1/30/2019,4.931280714,4.2,13.139
1/31/2019,7.666666888,3.9,11.458
2/1/2019,0,3.2,10.614
2/2/2019,0.888888818,4.3,10.478
2/3/2019,0,4.3,9.862
2/4/2019,0,4.2,9.188
2/5/2019,0,4.4,8.352
2/6/2019,0,3.8,7.509
2/7/2019,0,4.9,6.908
2/8/2019,0,4.6,6.373
2/9/2019,0,4.9,5.7
2/10/2019,2.888888791,4.8,5.048
2/11/2019,28.77655237,2.7,6.59
2/12/2019,7.111110848,4.4,9.412
2/13/2019,0,3.4,11.808
2/14/2019,0,2.7,10.305
2/15/2019,0,4.2,8.408
2/16/2019,0,4.2,7.191
2/17/2019,0,4.4,6.33
2/18/2019,1.22222214,4.8,5.291
2/19/2019,0.444444409,4.5,4.85
2/20/2019,0,5.3,4.081
2/21/2019,0,5.8,3.812
2/22/2019,0,5,3.541
2/23/2019,16.80000002,2.8,3.141
2/24/2019,9.858707495,2.8,4.05
2/25/2019,3.444444286,3.2,4.381
2/26/2019,0,3.3,4.909
2/27/2019,0,3.2,4.86
2/28/2019,0,3.8,4.666
3/1/2019,0,3.6,3.823
3/2/2019,0,4.3,3.055
3/3/2019,0,3.6,2.573
3/4/2019,0.444444409,3.3,1.876
3/5/2019,0,3.5,1.136
3/6/2019,0,3.6,0.92
3/7/2019,1.222222193,4.6,0.759
3/8/2019,0,2.7,0.643
3/9/2019,0,3.2,0.594
3/10/2019,0,3.3,0.514
3/11/2019,0,3.7,0.412
3/12/2019,17.54815288,2.2,0.869
3/13/2019,3.335434565,3.5,1.747
3/14/2019,0,2.8,1.263
3/15/2019,0,2.7,0.889
3/16/2019,0,4.1,0.572
3/17/2019,0,2.2,0.458
3/18/2019,1.177777798,2.8,0.343
3/19/2019,0.22222221,3.1,0.265
3/20/2019,0,3.2,0.22
3/21/2019,0,2.4,0.181
3/22/2019,0,2.3,0.151
3/23/2019,0,2.3,0.134
3/24/2019,0,4.6,0.109
3/25/2019,0.222222205,2.6,0.086
3/26/2019,0.111111117,2.5,0.07
3/27/2019,0,2.6,0.612
3/28/2019,0,3.1,1.107
3/29/2019,0,3,0.977
3/30/2019,2.91111122,2.1,0.854
3/31/2019,1.177987983,2,0.717
4/1/2019,0,2.8,0.626
4/2/2019,0.666666614,3,0.591
4/3/2019,0,2.6,0.513
4/4/2019,15.2777776,3.3,0.489
4/5/2019,11.77777779,2.5,0.746
4/6/2019,0,2,1.417
4/7/2019,0,2,1.56
4/8/2019,0,2.1,1.019
4/9/2019,0,2.1,0.731
4/10/2019,0,2.5,0.571
4/11/2019,0,2.3,0.462
4/12/2019,0,1.7,0.393
4/13/2019,0,1.7,0.332
4/14/2019,0,2.1,0.264
4/15/2019,18.15555563,2,0.247
4/16/2019,8.777777697,1.9,0.338
4/17/2019,0,1.4,0.876
4/18/2019,0,1.7,1.441
4/19/2019,0,1.9,1.136
4/20/2019,0,2,0.823
4/21/2019,0,1.4,0.592
4/22/2019,0,1.4,0.447
4/23/2019,0,1.9,0.321
4/24/2019,0.777777804,2,0.217
4/25/2019,7.400000096,2.6,0.149
4/26/2019,32.64444448,1.5,0.122
4/27/2019,19.36666613,1.6,0.143
4/28/2019,0.444444454,1.4,3.207
4/29/2019,0,1.4,9.605
4/30/2019,0,1.4,9.353
5/1/2019,0,1,6.929
5/2/2019,0,1.5,3.013
5/3/2019,0.666666662,1.4,1.148
5/4/2019,1.288888905,1.2,0.563
5/5/2019,2.993179745,1.9,0.288
5/6/2019,1.666666628,1.5,0.161
5/7/2019,0,1,0.107
5/8/2019,0,1.7,0.071
5/9/2019,3.788888904,1.3,0.044
5/10/2019,1.666666631,1.3,0.029
5/11/2019,0,1.6,0.023
5/12/2019,0,0.8,0.019
5/13/2019,0.555555555,1.1,0.016
5/14/2019,0,1.2,0.011
5/15/2019,0,1.1,0.008
5/16/2019,0,1,0.004
5/17/2019,0,1.5,0.002
5/18/2019,0,1.1,0.002
5/19/2019,4.488888914,1,0.001
5/20/2019,19.27520009,1,0.001
5/21/2019,15.06666663,0.8,0.002
5/22/2019,2.666666638,1.2,0.02
5/23/2019,0.222222244,0.8,0.074
5/24/2019,0,0.4,0.118
5/25/2019,0,0.7,0.128
5/26/2019,0,0.9,0.054
5/27/2019,0,0.8,0.014
5/28/2019,0,0.8,0.006
5/29/2019,0,0.5,0.003
5/30/2019,1.911111118,0.6,0.001
5/31/2019,0.666666699,0.6,NaN
6/1/2019,0,0.4,NaN
6/2/2019,0,0.4,NaN
6/3/2019,0,0.6,NaN
6/4/2019,0,0.5,NaN
6/5/2019,0,0.8,NaN
6/6/2019,0,1,NaN
6/7/2019,0.555555585,0.8,NaN
6/8/2019,0,0.4,NaN
6/9/2019,2.577777809,0.6,NaN
6/10/2019,3.366666594,0.8,NaN
6/11/2019,4.333333215,0.7,NaN
6/12/2019,9.755555392,0.7,NaN
6/13/2019,20.08225047,0.8,0.493
6/14/2019,19.86524252,1.3,9.68
6/15/2019,7.847591054,0.8,7.872
6/16/2019,12.5555559,0.7,14.342
6/17/2019,0.888888847,0.9,23.27
6/18/2019,1.111111087,1.4,27.436
6/19/2019,0,1.3,17.913
6/20/2019,0,0.7,6.304
6/21/2019,0,0.7,0.741
6/22/2019,0,1,0.07
6/23/2019,0,2,0.005
6/24/2019,0.333333331,1.2,0.001
6/25/2019,6.324137204,2.1,NaN
6/26/2019,3.222222225,0.5,5.101
6/27/2019,0,0.4,8.083
6/28/2019,55.61111014,0.6,27.012
6/29/2019,15.8888888,0.8,240.173
6/30/2019,8.666666946,1.6,427.174
7/1/2019,0.555555585,1,363.919
7/2/2019,0,1.3,324.203
7/3/2019,0,1.1,226.596
7/4/2019,0,1,109.443
7/5/2019,0,0.8,48.815
7/6/2019,0,0.6,26.387
7/7/2019,0,0.2,17.725
7/8/2019,0,0.2,13.659
7/9/2019,0,0.3,11.034
7/10/2019,0,0.6,9.26
7/11/2019,0.333333307,0.6,7.962
7/12/2019,19.9228677,0.6,7.537
7/13/2019,6.333333136,0.7,10.291
7/14/2019,0,0.3,24.478
7/15/2019,0,0.5,40.505
7/16/2019,0,0.2,34.279
7/17/2019,0,0.5,19.366
7/18/2019,0,0.7,12.14
7/19/2019,0.222222234,0.6,8.885
7/20/2019,0,1,6.936
7/21/2019,3.900000057,3.2,5.427
7/22/2019,15.36666667,1.1,4.162
7/23/2019,16.7777777,1.1,10.677
7/24/2019,11.29999974,1,42.339
7/25/2019,40.19999977,0.8,91.917
7/26/2019,19.22222199,1.3,258.041
7/27/2019,0.666666633,0.9,390.565
7/28/2019,0.111111114,0.6,337.827
7/29/2019,0,0.8,327.81
7/30/2019,0,0.7,229.692
7/31/2019,1.955555623,0.9,104.641
8/1/2019,25.94444469,1.1,57.281
8/2/2019,11.55555555,1.4,91.843
8/3/2019,0,1,174.455
8/4/2019,0,0.6,190.476
8/5/2019,0,0.8,189.987
8/6/2019,0,1.1,108.444
8/7/2019,2.733333345,1.1,45.905
8/8/2019,29.38888865,1,31.053
8/9/2019,36.06666586,0.9,120.65
8/10/2019,8.555555398,1,283.783
8/11/2019,0.44444442,0.8,320.006
8/12/2019,0,1.4,310.417
8/13/2019,0,1.1,288.076
8/14/2019,0,0.9,166.138
8/15/2019,0,0.9,69.048
8/16/2019,0,1.2,29.779
8/17/2019,0,1.6,16.26
8/18/2019,0,1.5,10.969
8/19/2019,0,1.1,7.92
8/20/2019,0,1,5.31
8/21/2019,0,1,2.682
8/22/2019,0,0.9,1.39
8/23/2019,0,0.9,0.82
8/24/2019,0,1.4,0.533
8/25/2019,9.233333371,1.7,0.308
8/26/2019,6.422222187,1.2,0.24
8/27/2019,0,1.4,0.57
8/28/2019,0,1.4,0.857
8/29/2019,7.666666316,2.8,0.726
8/30/2019,47.17342144,1.2,56.362
8/31/2019,27.77777731,1.6,223.151
9/1/2019,0,2.2,258.539
9/2/2019,0,1.9,210.248
9/3/2019,0,1.9,246.863
9/4/2019,0,1.7,162.737
9/5/2019,0,1.6,57.58
9/6/2019,12.6938072,2.2,18.586
9/7/2019,9.356563574,1.3,31.569
9/8/2019,23.55160442,1.3,57.573
9/9/2019,22.29999998,1.4,87.918
9/10/2019,18.32848828,1.7,201.771
9/11/2019,7.025516514,1.2,227.675
9/12/2019,2.33333341,1.6,236.61
9/13/2019,0,1.8,234.669
9/14/2019,0,2.1,151.962
9/15/2019,13.55555542,2.1,84.519
9/16/2019,11.44444448,1.6,62.953
9/17/2019,3.333333318,2.1,83.659
9/18/2019,0,2.7,104.408
9/19/2019,0,3.4,114.525
9/20/2019,0,2.5,109.409
9/21/2019,0,3.1,69.943
9/22/2019,0,2.2,46.474
9/23/2019,0,2.3,32.101
9/24/2019,0,2.3,24.62
9/25/2019,0,2.5,20.022
9/26/2019,0,3,16.936
9/27/2019,0,2.5,14.995
9/28/2019,0,3.1,13.051
9/29/2019,0,3.3,11.353
9/30/2019,0.911111085,4.3,10.021
10/1/2019,47.59999985,1.9,9.343
10/2/2019,41.61111117,1.9,149.942
10/3/2019,7.944444437,3.2,492.453
10/4/2019,5.000000023,2,745.98
10/5/2019,1.666666576,2.5,1031.601
10/6/2019,0,2.6,799.528
10/7/2019,0,3.3,363.017
10/8/2019,0,3.3,179.785
10/9/2019,0,3.8,108.044
10/10/2019,0,3.8,76.288
10/11/2019,0,2.9,59.686
10/12/2019,8.911110842,2.6,50.93
10/13/2019,27.41934516,2.3,154.93
10/14/2019,13.88888867,2.8,300.319
10/15/2019,2.777777744,3.5,301.28
10/16/2019,11.19999998,2.1,210.256
10/17/2019,26.26666649,2,242.288
10/18/2019,10.22222222,3.2,408.992
10/19/2019,0,3.3,443.36
10/20/2019,0,2.4,379.699
10/21/2019,0.122222225,2.4,359.438
10/22/2019,0,3.3,227.743
10/23/2019,0,3.9,124.378
10/24/2019,0,3.8,73.343
10/25/2019,0,4,49.641
10/26/2019,4.644444399,5.3,38.272
10/27/2019,2.444444618,2.7,31.652
10/28/2019,31.93333331,3.5,29.591
10/29/2019,44.33333321,2.8,148.45
10/30/2019,26.58888862,2,426.196
10/31/2019,9.888888867,4.1,494.198
11/1/2019,0,3.9,573.867
11/2/2019,16.03333317,2.2,612.547
11/3/2019,3.879143744,3.8,557.269
11/4/2019,9.466666697,2.1,433.814
11/5/2019,6.666666666,4.2,249.951
11/6/2019,0,4.4,169.247
11/7/2019,0,4.3,130.229
11/8/2019,0,4.2,105.608
11/9/2019,0,4,76.479
11/10/2019,0,3.6,54.043
11/11/2019,0,5.2,40.057
11/12/2019,0,3.4,31.383
11/13/2019,8.033333122,2.6,25.88
11/14/2019,4.777777537,4.5,33.323
11/15/2019,0,3.6,37.116
11/16/2019,0,3.8,27.993
11/17/2019,0,4.7,23.196
11/18/2019,0,4.8,19.688
11/19/2019,0,5.5,16.844
11/20/2019,0,5.5,14.835
11/21/2019,0,5.1,13.248
11/22/2019,1.555555614,3.4,11.878
11/23/2019,1.333333462,5.1,10.586
11/24/2019,0,6,9.478
11/25/2019,0,6.5,8.708
11/26/2019,8.655555422,2.7,8.024
11/27/2019,8.777777524,4.9,7.747
11/28/2019,0,5.2,8.773
11/29/2019,0,5.7,10.552
11/30/2019,0,5.6,10.745
12/1/2019,0,5.2,9.212
12/2/2019,0,4.3,7.788
12/3/2019,0,4.7,6.915
12/4/2019,0.222222205,4.6,6.4
12/5/2019,0,5.2,5.669
12/6/2019,0,6.1,4.412
12/7/2019,0,4.5,3.907
12/8/2019,0,5.4,3.582
12/9/2019,0,5,3.355
12/10/2019,0,7.1,3.186
12/11/2019,0,8.1,2.967
12/12/2019,0,6.4,2.683
12/13/2019,0,5.6,2.44
12/14/2019,8.111111192,5.2,2.337
12/15/2019,38.58888908,2.6,6.522
12/16/2019,14.89729396,4.8,11.946
12/17/2019,2.222222134,3.9,14.615
12/18/2019,0,5.8,14.185
12/19/2019,0,5.6,10.642
12/20/2019,9.55555508,5,9.701
12/21/2019,2.333333417,5.4,17.155
12/22/2019,0,4.7,9.965
12/23/2019,0,4.9,7.104
12/24/2019,0,6.1,5.743
12/25/2019,0.222222205,5.6,NaN
12/26/2019,2.166666612,3.9,NaN
12/27/2019,3.333333497,4,NaN
12/28/2019,0,5.2,NaN
12/29/2019,0.222222244,5.1,NaN
12/30/2019,0.955555582,4.8,NaN
12/31/2019,2.22222228,3.4,NaN
1/1/2020,3.233333409,4.9,NaN
1/2/2020,1.444444481,4.4,NaN
1/3/2020,0,5.3,NaN
1/4/2020,0,5.3,NaN
1/5/2020,0,5.7,NaN
1/6/2020,0,5.9,NaN
1/7/2020,0,5.9,NaN
1/8/2020,0,6.3,NaN
1/9/2020,2.994094247,4.4,NaN
1/10/2020,0,3.3,NaN
1/11/2020,0.222222244,5.2,NaN
1/12/2020,0,5.6,NaN
1/13/2020,0,5.6,NaN
1/14/2020,0,6.1,NaN
1/15/2020,13.83506064,3.9,NaN
1/16/2020,6.000000064,5,NaN
1/17/2020,0,4.5,NaN
1/18/2020,0,4.9,NaN
1/19/2020,0,5.2,NaN
1/20/2020,0.77213533,4.6,NaN
1/21/2020,7.222222224,3.8,NaN
1/22/2020,2.888888757,5.4,NaN
1/23/2020,0,5.5,NaN
1/24/2020,0,5.3,NaN
1/25/2020,5.644444496,4.1,NaN
1/26/2020,5.567927631,4.3,NaN
1/27/2020,0,5,NaN
1/28/2020,0,4.8,NaN
1/29/2020,7.45451617,4.7,NaN
1/30/2020,6.222221983,2.8,NaN
1/31/2020,0,4.5,NaN
2/1/2020,0,4.8,NaN
2/2/2020,0,5.2,NaN
2/3/2020,0,5.8,NaN
2/4/2020,0,6.6,NaN
2/5/2020,0,6.3,NaN
2/6/2020,0,6,NaN
2/7/2020,0,5.4,NaN
2/8/2020,0,3,NaN
2/9/2020,0,4.4,NaN
2/10/2020,0,3.6,1.03
2/11/2020,0,4.4,1.045
2/12/2020,0,5.7,1.007
2/13/2020,0,5.8,0.933
2/14/2020,9.022222292,3.6,1.118
2/15/2020,4.888888838,4.5,1.369
2/16/2020,0,5.2,1.059
2/17/2020,37.55555571,3.5,1.118
2/18/2020,21.56666625,4.6,2.584
2/19/2020,0,3.8,2.797
2/20/2020,0,4.9,6.677
2/21/2020,0,4.9,7.465
2/22/2020,0,3.6,6.771
2/23/2020,0,3.5,4.871
2/24/2020,0,4.1,3.45
2/25/2020,0.888888935,4,2.625
2/26/2020,0,3.6,2.087
2/27/2020,0,3.8,1.741
2/28/2020,0,4.5,1.536
2/29/2020,0,3.7,1.347
3/1/2020,0,3.9,1.221
3/2/2020,0,4.4,1.051
3/3/2020,0,4.3,0.946
3/4/2020,0,3.9,0.863
3/5/2020,0,3.5,0.802
3/6/2020,0,3.4,0.747
3/7/2020,0,4.1,0.713
3/8/2020,0,4,0.714
3/9/2020,0,3.9,0.661
3/10/2020,6.111111082,2.1,0.824
3/11/2020,0,3.3,0.927
3/12/2020,0,3.8,0.782
3/13/2020,0,4,0.894
3/14/2020,3.777777901,2.8,0.94
3/15/2020,3.111111205,1.9,0.828
3/16/2020,0.444444454,3.1,0.803
3/17/2020,1.666666663,3.5,0.785
3/18/2020,1.888889038,2.4,0.765
3/19/2020,0,3.4,0.774
3/20/2020,0,3,0.699
3/21/2020,0,3.3,0.657
3/22/2020,0,3,0.612
3/23/2020,0,3.3,0.574
3/24/2020,0,3.8,0.561
3/25/2020,0,3.1,0.553
3/26/2020,0,2.7,0.532
3/27/2020,0,3.4,0.513
3/28/2020,5.766666515,3,0.489
3/29/2020,3.656921382,2.4,0.49
3/30/2020,0,2.4,0.474
3/31/2020,0,2.4,0.46
4/1/2020,31.30000035,2.3,0.478
4/2/2020,14.66666671,4.8,0.727
4/3/2020,0,2.7,0.751
4/4/2020,0,2.2,2.66
4/5/2020,0,2.6,2.935
4/6/2020,0,3.7,2.171
4/7/2020,0,2.4,1.658
4/8/2020,0,2.1,1.356
4/9/2020,0,2.1,1.125
4/10/2020,0,2.1,0.949
4/11/2020,0,1.7,0.823
4/12/2020,0,1.7,0.726
4/13/2020,0.744444448,1.9,0.649
4/14/2020,0.444444418,2.9,0.595
4/15/2020,0,3,0.542
4/16/2020,0.222222205,1.8,0.516
4/17/2020,0,1.5,0.49
4/18/2020,0,1.6,0.485
4/19/2020,0,2.1,0.466
4/20/2020,0,1.1,0.449
4/21/2020,0,1.9,0.43
4/22/2020,0,1.5,0.418
4/23/2020,0,2.1,0.405
4/24/2020,0,2.7,0.399
4/25/2020,2.533333352,2.5,0.379
4/26/2020,0.444444454,1.8,0.379
4/27/2020,18.04444439,2.7,0.38
4/28/2020,29.48888872,1.2,0.511
4/29/2020,8.069518167,2.4,0.653
4/30/2020,0,1.7,0.641
5/1/2020,0.222222205,1.2,0.922
5/2/2020,0,1.1,1.046
5/3/2020,0,1.2,1.009
5/4/2020,0.999999994,1.3,1.038
5/5/2020,0.555555593,2.3,0.946
5/6/2020,0,1.7,0.836
5/7/2020,0,0.9,0.742
5/8/2020,0,0.9,0.667
5/9/2020,0,1.1,0.608
5/10/2020,0,1.7,0.474
5/11/2020,0,1.6,0.445
5/12/2020,3.400000073,1,0.446
5/13/2020,1.333333412,1.2,0.358
5/14/2020,0,1.2,0.344
5/15/2020,0,1.8,0.354
5/16/2020,0,3.1,0.316
5/17/2020,0,1.8,0.341
5/18/2020,0,0.9,0.445
5/19/2020,0,1.2,0.358
5/20/2020,1.433333326,2.1,0.354
5/21/2020,18.31111136,1.1,0.35
5/22/2020,48.48888997,0.8,0.467
5/23/2020,17.60950344,1,9.347
5/24/2020,2.555555504,1.9,45.256
5/25/2020,0,2,75.898
5/26/2020,0,1,39.641
5/27/2020,0,0.3,23.1
5/28/2020,0,0.6,16.601
5/29/2020,0,0.5,12.102
5/30/2020,0,1,9.189
5/31/2020,0,2,7.444
6/1/2020,0,0.8,6.182
6/2/2020,0,0.5,4.73
6/3/2020,0,0.2,3.525
6/4/2020,0,0.5,2.731
6/5/2020,21.15555561,0.9,2.38
6/6/2020,9.444444293,0.9,4.466
6/7/2020,0.111111107,0.9,8.551
6/8/2020,0,0.8,14.335
6/9/2020,0,0.7,12.154
6/10/2020,0,0.7,10.461
6/11/2020,19.54444458,0.7,8.774
6/12/2020,16.83333351,1,19.258
6/13/2020,0.333333366,1.9,30.484
6/14/2020,0,0.2,31.331
6/15/2020,0.277777787,0.9,31.991
6/16/2020,0,0.9,36.985
6/17/2020,4.911111134,1.6,25.87
6/18/2020,18.76916371,1.4,19.544
6/19/2020,3.11854144,0.8,21.981
6/20/2020,8.033333325,1.1,33.524
6/21/2020,5.411111094,1,47.067
6/22/2020,4.452784065,0.9,56.507
6/23/2020,0.144549504,1,57.962
6/24/2020,13.23333334,0.8,45.61
6/25/2020,4.990254962,1.3,44.22
6/26/2020,0,0.7,47.904
6/27/2020,0,0.7,47.906
6/28/2020,0,0.4,48.107
6/29/2020,6.766666777,1.3,44.335
6/30/2020,15.85555525,1.1,31.055
7/1/2020,2.444444511,1,55.847
7/2/2020,0,1.1,72.074
7/3/2020,0,0.5,69.375
7/4/2020,0,0.5,44.722
7/5/2020,0,0.6,32.136
7/6/2020,0,0.2,24.878
7/7/2020,1.455555549,0.7,19.884
7/8/2020,12.33333338,0.7,17.54
7/9/2020,5.225374091,0.5,26.344
7/10/2020,0,0.7,33.729
7/11/2020,0,0.7,35.552
7/12/2020,0,0.8,31.625
7/13/2020,0,1.5,24.655
7/14/2020,0,0.7,19.536
7/15/2020,0,0.4,15.743
7/16/2020,0,0.6,13.08
7/17/2020,0,0.6,11.341
7/18/2020,0,0.8,10.228
7/19/2020,0,2.4,9.46
7/20/2020,0,2.5,8.834
7/21/2020,0,1.2,8.199
7/22/2020,0,1,7.614
7/23/2020,0,1.8,7.143
7/24/2020,9.022222345,1.2,6.752
7/25/2020,5.000000021,1.3,7.182
7/26/2020,0,0.8,8.606
7/27/2020,0.111111117,1.1,9.135
7/28/2020,0,1.2,8.447
7/29/2020,0,0.5,7.768
7/30/2020,0,0.7,7.061
7/31/2020,0,0.7,6.578
8/1/2020,0,0.8,6.012
8/2/2020,0,1,4.934
8/3/2020,0,1.1,4.352
8/4/2020,0,1,3.917
8/5/2020,0,1.8,3.552
8/6/2020,0,2,3.222
8/7/2020,0,1.3,2.948
8/8/2020,0,1.2,2.599
8/9/2020,0,1.4,2.423
8/10/2020,0.83333332,2.5,2.429
8/11/2020,0.888888891,1.5,2.102
8/12/2020,0,0.9,1.833
8/13/2020,0,0.8,1.737
8/14/2020,0,1.2,1.674
8/15/2020,0,1.8,1.555
8/16/2020,0,1.9,1.417
8/17/2020,0,1.3,1.481
8/18/2020,0,1.3,1.245
8/19/2020,0,1.9,1.102
8/20/2020,0,1.5,0.998
8/21/2020,0,1.6,0.937
8/22/2020,0,1.3,0.861
8/23/2020,0,1.9,0.85
8/24/2020,0,2.5,0.819
8/25/2020,0,1.3,0.746
8/26/2020,2.999999981,1.5,0.732
8/27/2020,29.66666665,1.3,0.838
8/28/2020,15.88888893,1.3,7.948
8/29/2020,0.888888935,1.5,19.718
8/30/2020,0,1.6,28.762
8/31/2020,0.222222234,1.5,29.605
9/1/2020,19.94444406,1.7,25.032
9/2/2020,32.53333263,1.4,109.846
9/3/2020,5.777777521,1.8,283.042
9/4/2020,0,1.7,263.733
9/5/2020,0,2.3,168.241
9/6/2020,0,2.1,141.391
9/7/2020,0,2.2,101.699
9/8/2020,0.333333345,3.1,54.651
9/9/2020,0,1.4,29.568
9/10/2020,0,2.1,20.668
9/11/2020,15.11111115,1.7,17.166
9/12/2020,8.66666664,2.1,16.024
9/13/2020,8.311111248,1.4,20.848
9/14/2020,2.622432567,2.3,32.986
9/15/2020,0.22222223,1.9,54.343
9/16/2020,0,1.9,64.261
9/17/2020,0,2.2,54.202
9/18/2020,0,3.1,40.977
9/19/2020,0,2.5,27.788
9/20/2020,0,2.7,18.942
9/21/2020,0,1.9,14.285
9/22/2020,0,2.1,11.619
9/23/2020,0,2,9.966
9/24/2020,0,2.1,8.768
9/25/2020,10.27777773,2.2,8.006
9/26/2020,33.06717858,1.7,8.252
9/27/2020,24.22222203,2,61.222
9/28/2020,4.102416442,3.4,163.341
9/29/2020,0,2.8,178.366
9/30/2020,4.6333333,1.9,171.183
10/1/2020,11.93333323,2.6,177.798
10/2/2020,6.583167748,3.1,136.897
10/3/2020,3.444444408,2.7,110.264
10/4/2020,1.855555529,2.8,83.315
10/5/2020,2.555555608,2.9,58.508
10/6/2020,0,2.3,47.553
10/7/2020,0,2.9,39.912
10/8/2020,0,2.8,31.513
10/9/2020,0,3.3,25.733
10/10/2020,0,2.6,20.491
10/11/2020,0,3.8,16.618
10/12/2020,0,3.1,13.615
10/13/2020,0,2.6,11.574
10/14/2020,0,2.6,10.06
10/15/2020,0,3,8.982
10/16/2020,0,4.1,8.185
10/17/2020,0.333333321,4.4,7.481
10/18/2020,0,4.1,6.949
10/19/2020,0,4.7,6.517
10/20/2020,0,3,5.846
10/21/2020,0.666666623,4.7,4.615
10/22/2020,6.923337209,2.5,4.079
10/23/2020,0.955765739,2.6,4.023
10/24/2020,0,3.6,5.321
10/25/2020,0.055555553,3.7,5.292
10/26/2020,9.933333378,2.5,4.507
10/27/2020,2.777777636,2.7,4.869
10/28/2020,0,3.4,9.462
10/29/2020,0,3.8,9.079
10/30/2020,0,3.1,7.966
10/31/2020,0,3.3,6.762
11/1/2020,0,3.5,5.02
11/2/2020,0,3.3,3.704
11/3/2020,0,3.8,2.988
11/4/2020,0,4.1,2.463
11/5/2020,0,4.2,2.118
11/6/2020,0,4.1,1.861
11/7/2020,0,3.7,1.634
11/8/2020,0,4.5,1.486
11/9/2020,4.19999991,3.4,1.445
11/10/2020,5.159026299,2.5,1.472
11/11/2020,3.264856649,3.2,1.472
11/12/2020,0.888888879,2.7,1.637
11/13/2020,0.111111105,3.9,1.828
11/14/2020,0,3.9,1.867
11/15/2020,0,3.8,1.693
11/16/2020,0,4.7,1.471
11/17/2020,0,3.9,1.245
11/18/2020,3.777777713,3.8,1.381
11/19/2020,2.777777787,4.1,1.433
11/20/2020,0,4.1,1.499
11/21/2020,0,4.2,1.498
11/22/2020,0,4.7,1.312
11/23/2020,0,6.3,1.098
11/24/2020,0,5.9,0.934
11/25/2020,0.266666657,2.8,0.832
11/26/2020,0,4.6,0.753
11/27/2020,0,5.3,0.708
11/28/2020,5.211111134,3.2,0.694
11/29/2020,3.777777786,5.2,0.695
11/30/2020,0,4.9,0.672
12/1/2020,0,4.9,0.65
12/2/2020,14.58888881,5,0.641
12/3/2020,6.666666905,5.2,0.952
12/4/2020,0,4.5,0.878
12/5/2020,0,4.2,0.823
12/6/2020,0,4.5,0.8
12/7/2020,0.522222229,3.9,0.746
12/8/2020,0,4.5,0.681
12/9/2020,0,4.9,0.663
12/10/2020,0,5.7,0.701
12/11/2020,15.88888918,5.8,0.652
12/12/2020,2.734594143,3.9,0.683
12/13/2020,0,3.6,0.649
12/14/2020,0,5.2,0.629
12/15/2020,0,5.7,0.73
12/16/2020,0,4.7,0.82
12/17/2020,0,6.1,0.912
12/18/2020,0,6.8,0.879
12/19/2020,9.400000184,6.3,0.845
12/20/2020,1.445495039,6.4,0.844
12/21/2020,0,4.7,0.659
12/22/2020,0,4.4,0.589
12/23/2020,0,5.1,0.547
12/24/2020,0,6.1,0.513
12/25/2020,0,6.5,0.501
12/26/2020,0,5.7,0.517
12/27/2020,0,6.1,0.528
12/28/2020,0,5.9,0.476
12/29/2020,0,5.5,0.423
12/30/2020,2.798919035,5.6,0.389
12/31/2020,0.111111122,5.4,0.439
1/1/2021,0,6.3,0.384
1/2/2021,0,5.1,0.406
1/3/2021,0,5.6,0.367
1/4/2021,0.177777783,6.3,0.352
1/5/2021,1.599999986,4,0.389
1/6/2021,0.22222221,5.8,0.41
1/7/2021,0,6.1,0.347
1/8/2021,0,6,0.313
1/9/2021,0,5.1,0.279
1/10/2021,0,6.7,0.246
1/11/2021,27.6000001,2.8,0.277
1/12/2021,10.11531391,5.7,0.411
1/13/2021,0,4.9,0.484
1/14/2021,0,6,0.521
1/15/2021,10.16666669,6.5,0.575
1/16/2021,7.412897483,3.7,0.715
1/17/2021,0,5.6,0.751
1/18/2021,0,4.8,0.718
1/19/2021,0,5,0.69
1/20/2021,0,5.3,0.614
1/21/2021,0,5.6,0.541
1/22/2021,0,5.3,0.51
1/23/2021,0,5.5,0.478
1/24/2021,0,4.9,0.429
1/25/2021,0,4.8,0.399
1/26/2021,39.51111188,4.4,0.385
1/27/2021,19.2888897,3.5,0.646
1/28/2021,1.333333412,4.7,0.826
1/29/2021,0,4.7,0.966
1/30/2021,21.7777779,4.5,1.604
1/31/2021,10.63802072,2.4,2.231
2/1/2021,6.365224912,3.1,14.34
2/2/2021,24.37777741,4.3,23.887
2/3/2021,52.49999984,2.4,70.116
2/4/2021,17.78593246,4,239.688
2/5/2021,0,4.3,320.262
2/6/2021,0,4.8,238.286
2/7/2021,0,3.7,195.166
2/8/2021,11.57777754,2.8,121.204
2/9/2021,4.777777566,3,75.724
2/10/2021,1.800000034,4.1,50.008
2/11/2021,12.18468303,3,34.543
2/12/2021,30.87905519,2.3,65.083
2/13/2021,12.00525343,3.9,173.415
2/14/2021,11.75555575,3.8,126.618
2/15/2021,1.232428342,3.7,110.034
2/16/2021,0,3.8,100.134
2/17/2021,8.566666861,3.1,97.963
2/18/2021,5.18888902,3.9,71.573
2/19/2021,1.14444445,4.1,56.226
2/20/2021,0,4,57.415
2/21/2021,0,4.3,34.721
2/22/2021,2.622222184,3.8,25.744
2/23/2021,1.667717282,4,21.735
2/24/2021,0,3.9,19.83
2/25/2021,0,4.1,14.995
2/26/2021,0,3.8,11.624
2/27/2021,0,5,9.52
2/28/2021,0,5.4,8.096
3/1/2021,0,3.2,7.062
3/2/2021,0.333333307,3.5,6.386
3/3/2021,1.222222151,3.1,5.875
3/4/2021,20.22222167,2.7,22.512
3/5/2021,3.045495005,3.3,44.534
3/6/2021,0,3.1,24.866
3/7/2021,0,3.3,27.292
3/8/2021,0,2.9,20.242
3/9/2021,0,3.3,12.26
3/10/2021,0,3.1,8.446
3/11/2021,0,3,6.55
3/12/2021,0,3.7,5.019
3/13/2021,0,3.3,3.853
3/14/2021,0,2.9,3.373
3/15/2021,0,3,2.779
3/16/2021,7.166666591,3.3,2.458
3/17/2021,4.179838592,3.3,2.379
3/18/2021,0,2.9,2.156
3/19/2021,0,3,2.083
3/20/2021,15.58888904,3.2,2.088
3/21/2021,6.690360172,2,2.34
3/22/2021,3.155555605,2.7,2.334
3/23/2021,2.777777837,2.6,3.379
3/24/2021,0,2.8,4.851
3/25/2021,27.77777823,2.3,4.879
3/26/2021,14.44864759,2.1,5.929
3/27/2021,0,2.8,17.435
3/28/2021,0.888888856,2,50.624
3/29/2021,0,2.6,73.461
3/30/2021,0.44444442,2.6,65.392
3/31/2021,0,2.2,35.937
4/1/2021,0,2.2,20.585
4/2/2021,0,2.2,13.925
4/3/2021,0,2.4,10.385
4/4/2021,0,2.8,8.423
4/5/2021,0,2.9,7.208
4/6/2021,0,2.7,6.314
4/7/2021,0,2.9,5.127
4/8/2021,0,2.5,4.119
4/9/2021,13.69999975,1.9,3.415
4/10/2021,64.32222071,1.4,7.516
4/11/2021,35.26666631,2.1,157.146
4/12/2021,1.444444416,1.7,315.584
4/13/2021,0,2.2,250.528
4/14/2021,0.888888846,3.3,213.002
4/15/2021,23.87347896,1.3,234.055
4/16/2021,8.7777778,1.6,225.527
4/17/2021,0,1.6,237.75
4/18/2021,0,1.8,202.148
4/19/2021,0,1.9,159.003
4/20/2021,0,2,107.045
4/21/2021,0,1.7,60.353
4/22/2021,0,2.2,36.568
4/23/2021,0.333333321,1.7,24.853
4/24/2021,0,1.5,19.022
4/25/2021,0,1.8,15.573
4/26/2021,0,1.5,13.404
4/27/2021,0,1.1,11.605
4/28/2021,0,1,10.03
4/29/2021,0,1,8.804
4/30/2021,0,1.1,7.939
5/1/2021,0,1.1,7.299
5/2/2021,0,1.2,6.762
5/3/2021,15.88888848,1.8,6.364
5/4/2021,11.33333322,1.6,18.947
5/5/2021,0,1.2,26.581
5/6/2021,0,1.2,20.906
5/7/2021,0,1.1,14.03
5/8/2021,0,0.7,10.943
5/9/2021,0.600000017,1.2,9.17
5/10/2021,0,1.2,8.033
5/11/2021,0,1.1,7.582
5/12/2021,0,0.8,7.401
5/13/2021,0,0.8,6.945
5/14/2021,0,0.5,6.441
5/15/2021,0,0.5,5.889
5/16/2021,0,0.6,5.107
5/17/2021,0,0.5,4.478
5/18/2021,0,0.6,4.005
5/19/2021,0,0.4,3.656
5/20/2021,0,0.6,3.349
5/21/2021,5.288888857,1.1,3.178
5/22/2021,5.355555428,1.9,4.259
5/23/2021,2.572897114,1.8,6.761
5/24/2021,1.111111139,1.4,7.294
5/25/2021,0,1.1,7.093
5/26/2021,0,0.7,6.566
5/27/2021,0,0.8,5.589
5/28/2021,0.222222234,0.9,4.531
5/29/2021,1.555555706,1.2,3.869
5/30/2021,0,0.7,3.46
5/31/2021,0,1.9,3.139
6/1/2021,0,2,2.878
6/2/2021,0,1,2.68
6/3/2021,0,0.4,2.536
6/4/2021,0.944444447,0.9,2.405
6/5/2021,28.27777784,0.8,3.15
6/6/2021,8.111110703,0.4,15.385
6/7/2021,0,0.5,30.786
6/8/2021,0,1.2,44.604
6/9/2021,1.044444442,1.1,46.061
6/10/2021,0.333333315,0.7,36.628
6/11/2021,0,1,26.425
6/12/2021,0,0.7,19.533
6/13/2021,0,0.4,15.084
6/14/2021,0,0.4,12.276
6/15/2021,0,0.7,10.5
6/16/2021,0,0.8,9.41
6/17/2021,1.94444447,0.8,8.589
6/18/2021,1.222222223,0.5,7.933
6/19/2021,0.666666622,0.6,7.62
6/20/2021,0.222222205,0.8,7.83
6/21/2021,0.111111115,0.5,8.514
6/22/2021,0,0.8,8.838
6/23/2021,41.26666647,1.5,8.207
6/24/2021,19.06500089,0.9,82.27
6/25/2021,0,0.4,193.061
6/26/2021,0,0.6,222.761
6/27/2021,0.888888961,1.3,220.527
6/28/2021,0.333333321,2.1,221.958
6/29/2021,0,1.1,139.989
6/30/2021,0,0.6,70.514
7/1/2021,0,0.5,38.922
7/2/2021,0,0.4,26.228
7/3/2021,0,0.5,20.533
7/4/2021,0,0.5,17.254
7/5/2021,0,0.5,14.92
7/6/2021,0,0.8,13.204
7/7/2021,0,0.6,11.955
7/8/2021,0,0.6,10.947
7/9/2021,0,0.6,10.114
7/10/2021,0,0.6,9.348
7/11/2021,0,0.4,8.717
7/12/2021,0,0.9,8.188
7/13/2021,6.555555614,1,7.714
7/14/2021,40.32542945,0.7,18.371
7/15/2021,13.1111105,0.6,97.185
7/16/2021,0,0.4,192.819
7/17/2021,0,1.3,213.927
7/18/2021,0,2.8,220.413
7/19/2021,0,1.8,155.535
7/20/2021,0,0.5,80.249
7/21/2021,0,0.6,41.473
7/22/2021,0,0.6,25.709
7/23/2021,0,0.5,19.554
7/24/2021,0,0.9,16.432
7/25/2021,3.555555521,0.7,14.518
7/26/2021,13.27777797,1.1,14.196
7/27/2021,6.111111378,1.5,17.166
7/28/2021,0,1.3,24.088
7/29/2021,0,0.8,39.602
7/30/2021,0,0.6,52.947
7/31/2021,0,0.5,36.631
8/1/2021,0,0.8,23.786
8/2/2021,0,0.6,17.643
8/3/2021,0,0.7,14.414
8/4/2021,0,0.9,12.595
8/5/2021,0,1,11.417
8/6/2021,0,1.1,10.524
8/7/2021,0,1.1,9.767
8/8/2021,0.999999958,1.5,9.108
8/9/2021,20.28153506,1,10.788
8/10/2021,5.125058945,1.1,26.069
8/11/2021,4.111110922,0.8,38.723
8/12/2021,0,0.8,54.859
8/13/2021,0,1,48.666
8/14/2021,0,0.9,35.405
8/15/2021,0,0.9,25.39
8/16/2021,0,1.2,18.539
8/17/2021,1.822222224,1.2,15.035
8/18/2021,2.222222358,1.2,13.15
8/19/2021,11.77777805,1.8,11.782
8/20/2021,3.222222354,1.2,10.827
8/21/2021,1.169664219,1.7,11.843
8/22/2021,1.888888925,1.7,22.667
8/23/2021,3.777777841,1.1,32.933
8/24/2021,2.530381789,1.6,31.825
8/25/2021,4.911111111,1.6,25.439
8/26/2021,1.333333395,1.5,22.716
8/27/2021,0,1.6,23
8/28/2021,0,2,21.854
8/29/2021,0,1.5,19.451
8/30/2021,0,1.4,17.014
8/31/2021,0,2,14.338
9/1/2021,0,3.5,12.16
9/2/2021,14.73333326,1.2,10.611
9/3/2021,5.222222205,1.5,18.339
9/4/2021,0,1.7,25.31
9/5/2021,0.888888975,1.6,29.797
9/6/2021,0.111111107,2.5,27.016
9/7/2021,20.85555557,2.4,22.287
9/8/2021,15.97777788,1.7,45.743
9/9/2021,4.333333258,2.1,67.979
9/10/2021,2.111111048,2,95.677
9/11/2021,0.111111105,2,128.019
9/12/2021,34.77777735,2,129.912
9/13/2021,47.26787979,1.5,273.21
9/14/2021,11.22222216,2.2,758.588
9/15/2021,0,2,713.915
9/16/2021,0,2.2,793.776
9/17/2021,0,2.3,673.233
9/18/2021,0,2.3,351.616
9/19/2021,27.02144738,2,140.323
9/20/2021,28.08888901,2.1,93.7
9/21/2021,10.11111085,2.2,186.268
9/22/2021,0,2.4,313.971
9/23/2021,0,2,355.491
9/24/2021,0,2.5,304.106
9/25/2021,0,2.3,157.289
9/26/2021,0,2.4,79.289
9/27/2021,0,2.8,47.768
9/28/2021,0.377777777,1.9,33.611
9/29/2021,0,2.9,27.103
9/30/2021,10.58888892,3,23.939
10/1/2021,6.666666674,2.8,26.476
10/2/2021,0,2.9,33.666
10/3/2021,0,2.8,28.218
10/4/2021,0,2.5,24.839
10/5/2021,0,2.9,21.722
10/6/2021,0,2.9,18.746
10/7/2021,0,2.4,15.944
10/8/2021,0,2.6,13.806
10/9/2021,0,3.5,12.283
10/10/2021,11.06666666,2.9,11.143
10/11/2021,7.644444427,2.1,11.114
10/12/2021,0,2.6,14.246
10/13/2021,3.911111092,2.3,15.402
10/14/2021,0.333333366,3,14.188
10/15/2021,0.888888841,2.6,14.251
10/16/2021,0,2.9,15.035
10/17/2021,0,2.7,13.197
10/18/2021,0,2.9,12.644
10/19/2021,0,3.2,11.901
10/20/2021,0,3.5,10.505
10/21/2021,0,3.2,9.182
10/22/2021,0,3.1,8.233
10/23/2021,6.811111077,2.9,7.627
10/24/2021,2.812266883,4.3,7.282
10/25/2021,0,6,7.328
10/26/2021,0,4.8,7.136
10/27/2021,0,4.8,6.674
10/28/2021,0,4.5,6.238
10/29/2021,0,5.3,5.589
10/30/2021,0,4.5,4.918
10/31/2021,0,4.2,4.341
11/1/2021,0,3.8,3.891
11/2/2021,4.244444575,3.4,3.594
11/3/2021,9.843140473,2.3,3.373
11/4/2021,5.111110856,3.8,7.102
11/5/2021,0,2.6,11.362
11/6/2021,0.22222221,3.5,14.336
11/7/2021,0,3.4,NaN
11/8/2021,0,3.7,NaN
11/9/2021,0,4,5.036
11/10/2021,0,4.1,4.206
11/11/2021,0,4.9,3.392
11/12/2021,0,5.1,2.812
11/13/2021,0.222222214,5.9,2.458
11/14/2021,0,3.3,2.201
11/15/2021,0.455555568,5.2,2.106
11/16/2021,9.999999886,4.5,1.947
11/17/2021,1.888888992,4.2,3.044
11/18/2021,0,4,2.628
11/19/2021,0,5.1,2.183
11/20/2021,0,5.3,1.859
11/21/2021,0,6.3,1.678
11/22/2021,0,7.5,1.585
11/23/2021,0,4.6,1.457
11/24/2021,0,6.4,1.346
11/25/2021,3.022222232,5.4,1.253
11/26/2021,2.555555719,5.1,NaN
11/27/2021,0,4.6,NaN
11/28/2021,6.225321644,2.5,NaN
11/29/2021,6.999999905,3.3,1.477
11/30/2021,0.22222221,4.3,1.215
12/1/2021,0,3.9,1.095
12/2/2021,0,3.9,1.041
12/3/2021,0,3.8,0.99
12/4/2021,0,4.2,0.919
12/5/2021,0,3.8,0.862
12/6/2021,0,4.7,0.822
12/7/2021,0,5.2,0.78
12/8/2021,0,5.1,0.735
12/9/2021,0,5,0.749
12/10/2021,0,5,NaN
12/11/2021,0,4.9,NaN
12/12/2021,0,5.6,NaN
12/13/2021,5.099999992,3.9,0.665
12/14/2021,6.11111093,4.5,0.753
12/15/2021,1.966666687,2.5,0.976
12/16/2021,0.333333315,4.2,1.355
12/17/2021,0,4.8,1.167
12/18/2021,0,5.7,0.971
12/19/2021,0,5.8,0.863
12/20/2021,0,5.5,0.728
12/21/2021,0,4.2,0.635
12/22/2021,0,5.1,0.581
12/23/2021,0,5.2,0.533
12/24/2021,0,5.3,0.5
12/25/2021,0,3.7,0.494
12/26/2021,0,5.4,0.522
12/27/2021,0,5.3,0.492
12/28/2021,0,5.5,0.477
12/29/2021,0,6.6,0.457
12/30/2021,0,6.1,0.437
12/31/2021,0,5.6,0.419
1/1/2022,9.333333404,4.7,0.437
1/2/2022,0,5.6,0.951
1/3/2022,0,5.3,0.995
1/4/2022,2.944444491,5.4,0.738
1/5/2022,0,5.4,1.746
1/6/2022,0,4.6,4.664
1/7/2022,0,5.2,3.371
1/8/2022,0,5.8,1.644
1/9/2022,0,5.6,1.154
1/10/2022,0,5.7,0.9
1/11/2022,0,5.9,0.716
1/12/2022,0,5.6,0.621
1/13/2022,0,5.8,0.56
1/14/2022,0,6.7,0.529
1/15/2022,23.52222171,5,0.502
1/16/2022,11.48129325,3.2,8.825
1/17/2022,27.53841566,2.5,8.981
1/18/2022,19.99999984,2.8,9.47
1/19/2022,0.333333326,5,6.66
1/20/2022,0,3.9,7.248
1/21/2022,0,5.8,6.771
1/22/2022,3.222222227,3.9,5.013
1/23/2022,5.377778003,2.9,4.101
1/24/2022,15.86666679,3.9,3.516
1/25/2022,4.111111352,4.2,3.813
1/26/2022,15.33333318,2.5,4.28
1/27/2022,5.333333221,4.5,8.576
1/28/2022,0,3.9,10.136
1/29/2022,0,4.5,9.085
1/30/2022,0,5,7.47
1/31/2022,0,3.8,5.628
2/1/2022,0,4.2,3.611
2/2/2022,0,5,2.557
2/3/2022,8.488888953,4.7,1.935
2/4/2022,15.76666644,4,1.789
2/5/2022,2.244444408,4.5,2.096
2/6/2022,0,4.6,2.822
2/7/2022,0,4.1,2.298
2/8/2022,0,3.9,2.299
2/9/2022,0,4.3,2.284
2/10/2022,0,4.8,2.081
2/11/2022,0.333333321,4.8,1.719
2/12/2022,8.444444553,3,1.54
2/13/2022,6.869110805,4.5,1.478
2/14/2022,0,4.7,1.269
2/15/2022,0,4.2,1.409
2/16/2022,0,4.5,1.656
2/17/2022,0,4.2,1.477
2/18/2022,0,4.2,1.28
2/19/2022,0,4.5,1.207
2/20/2022,0.111111115,3,1.082
2/21/2022,0,4.3,0.981
2/22/2022,0,4,0.894
2/23/2022,0,3.7,0.816
2/24/2022,0,3.2,0.759
2/25/2022,0,4.1,0.708
2/26/2022,2.111111083,3.8,0.673
2/27/2022,47.30000008,2.2,1.31
2/28/2022,19.66666569,2.6,3.267
3/1/2022,0,3.4,4.547
3/2/2022,0,4.2,7.662
3/3/2022,0,3.6,7.796
3/4/2022,0,3.1,6.817
3/5/2022,12.11111096,2.7,5.334
3/6/2022,8.444444677,2.3,7.017
3/7/2022,36.48888893,2.3,19.529
3/8/2022,17.77777689,3.3,64.6
3/9/2022,2.755555592,2.8,139.486
3/10/2022,1.888888925,2.6,93.356
3/11/2022,0,3,62.545
3/12/2022,0,2.6,41.776
3/13/2022,0,2.7,24.385
3/14/2022,0,2.6,14.883
3/15/2022,0,3,11.054
3/16/2022,0,3.2,8.954
3/17/2022,0,3.3,7.588
3/18/2022,7.52222232,2,6.657
3/19/2022,2.777777934,2.5,6.216
3/20/2022,0,3.3,4.979
3/21/2022,0,3.5,4.666
3/22/2022,0,2,4.393
3/23/2022,2.677777809,3,3.931
3/24/2022,2.555555422,3.4,3.387
3/25/2022,0,3.2,3.328
3/26/2022,0,2.8,3.106
3/27/2022,0,1.5,2.681
3/28/2022,0,2.6,2.386
3/29/2022,8.900000121,3.3,2.09
3/30/2022,2.111111004,3.1,1.954
3/31/2022,0,1.9,1.725
4/1/2022,0,1.8,1.723
4/2/2022,0,2,1.763
4/3/2022,0.877777808,1.6,1.562
4/4/2022,0.333333366,1.9,1.378
4/5/2022,0,1.7,1.245
4/6/2022,0,1.8,1.167
4/7/2022,0,1.7,1.144
4/8/2022,0,2.2,1.098
4/9/2022,0,2.4,1.049
4/10/2022,0,2,0.999
4/11/2022,0,2.1,0.977
4/12/2022,0.555555525,2.1,0.924
4/13/2022,0,2,0.875
4/14/2022,0,1.3,0.824
4/15/2022,0,1.7,0.785
4/16/2022,0,1.7,0.744
4/17/2022,0,1.4,0.71
4/18/2022,0,1.6,0.686
4/19/2022,0,1.7,0.653
4/20/2022,0,1.9,0.631
4/21/2022,0,1.7,0.615
4/22/2022,12.5555555,1.1,0.598
4/23/2022,6.222222189,1.4,0.625
4/24/2022,0,1.8,0.601
4/25/2022,29.57777789,1.3,0.714
4/26/2022,15.22222228,1.8,0.993
4/27/2022,24.94444438,1.1,3.67
4/28/2022,25.05555561,1.1,11.789
4/29/2022,4.222222019,0.9,24.994
4/30/2022,0,0.9,38.413
5/1/2022,0,1.1,46.475
5/2/2022,0.222222205,1.3,43.449
5/3/2022,0,1.3,30.843
5/4/2022,0,0.9,20.446
5/5/2022,0,0.8,14.134
5/6/2022,0,0.7,10.474
5/7/2022,0,0.9,8.472
5/8/2022,0,0.9,7.314
5/9/2022,0,0.8,6.484
5/10/2022,1.922222237,0.9,5.5
5/11/2022,0.44444442,0.9,4.499
5/12/2022,0,0.6,3.893
5/13/2022,0,0.7,3.537
5/14/2022,0,0.7,3.199
5/15/2022,0,1.2,2.77
5/16/2022,0.32222221,2,2.429
5/17/2022,12.13353845,1.3,2.306
5/18/2022,1.333333261,1,2.743
5/19/2022,0,0.6,4.252
5/20/2022,0,0.5,5.997
5/21/2022,0,0.6,5.243
5/22/2022,0,0.4,4.102
5/23/2022,0,0.5,3.363
5/24/2022,0,0.7,2.796
5/25/2022,20.62222243,0.7,2.494
5/26/2022,10.94444447,0.6,2.808
5/27/2022,3.811111076,0.8,6.578
5/28/2022,1.311111104,0.8,11.348
5/29/2022,0,0.7,19.381
5/30/2022,0,0.7,19.068
5/31/2022,0,0.3,16.277
6/1/2022,0,0.5,13.304
6/2/2022,0,0.3,10.781
6/3/2022,0,0.2,9.091
6/4/2022,0,0.5,8.003
6/5/2022,0,0.7,7.2
6/6/2022,0,0.6,6.615
6/7/2022,0,0.7,6.182
6/8/2022,0,0.7,5.538
6/9/2022,0,0.6,4.966
6/10/2022,0,1.1,4.402
6/11/2022,0,1.4,3.959
6/12/2022,0,0.5,3.517
6/13/2022,0,0.5,3.093
6/14/2022,0,0.3,2.723
6/15/2022,0,0.5,2.425
6/16/2022,13.94444465,0.7,2.239
6/17/2022,5.555555772,1.2,2.299
6/18/2022,0,0.4,3.166
6/19/2022,0,0.2,6.81
6/20/2022,0,0.3,7.651
6/21/2022,0,0.6,9
6/22/2022,9.588888792,1,8.815
6/23/2022,4.888888918,0.6,10.515
6/24/2022,0.288888901,0.7,13.101
6/25/2022,0,0.4,13.471
6/26/2022,0.222222214,0.6,11.146
6/27/2022,10.05555557,0.7,10.131
6/28/2022,22.72222242,0.6,13.955
6/29/2022,7.77777772,0.4,34.968
6/30/2022,0,0.5,56.16
7/1/2022,9.0241468,0.7,89.65
7/2/2022,4.090015486,0.5,116.227
7/3/2022,0,0.3,114.86
7/4/2022,3.911111192,0.6,80.804
7/5/2022,3.111111103,0.6,54.466
7/6/2022,9.733333267,0.9,40.965
7/7/2022,5.222222193,0.9,45.86
7/8/2022,16.72222217,1.1,51.101
7/9/2022,15.98888904,0.4,109.4
7/10/2022,2.677777678,1.6,227.38
7/11/2022,35.44444437,1,251.681
7/12/2022,17.11111104,0.7,NaN
7/13/2022,0,0.5,NaN
7/14/2022,18.05555552,1,NaN
7/15/2022,11.64444444,0.8,NaN
7/16/2022,46.9333337,0.8,NaN
7/17/2022,15.77777754,1.2,NaN
7/18/2022,0,0.4,NaN
7/19/2022,0,0.4,NaN
7/20/2022,0.222222205,0.6,NaN
7/21/2022,4.866666582,0.9,NaN
7/22/2022,2.555555428,0.9,NaN
7/23/2022,0.266666667,0.8,NaN
7/24/2022,7.222222262,0.8,NaN
7/25/2022,12.01111107,0.8,NaN
7/26/2022,0.888888841,1.1,NaN
7/27/2022,0.33333332,0.8,NaN
7/28/2022,10.1444445,0.7,NaN
7/29/2022,6.000000051,1.4,NaN
7/30/2022,0,0.6,NaN
7/31/2022,0,1.3,NaN
8/1/2022,0,0.8,NaN
8/2/2022,9.266666762,0.9,NaN
8/3/2022,31.77756715,0.8,NaN
8/4/2022,33.25555602,1,NaN
8/5/2022,7.666667099,0.8,NaN
8/6/2022,0,1,NaN
8/7/2022,0,1,NaN
8/8/2022,0,1,NaN
8/9/2022,0,0.9,NaN
8/10/2022,0,0.8,NaN
8/11/2022,0,0.8,NaN
8/12/2022,0,0.9,NaN
8/13/2022,0,1.1,NaN
8/14/2022,2.900000059,1.3,NaN
8/15/2022,0.777777782,1.7,NaN
8/16/2022,0,1.3,NaN
8/17/2022,3.388888897,1.7,NaN
8/18/2022,0,1.8,NaN
8/19/2022,0,1.4,NaN
8/20/2022,0,1,NaN
8/21/2022,0,0.9,NaN
8/22/2022,0,0.9,NaN
8/23/2022,0,1.1,NaN
8/24/2022,0,1.2,NaN
8/25/2022,5.33333336,1.1,NaN
8/26/2022,0.777777736,1.8,NaN
8/27/2022,10.71111117,1.4,NaN
8/28/2022,0.578198015,1.5,NaN
8/29/2022,0,1,NaN
8/30/2022,0,1.4,NaN
8/31/2022,0,1.7,NaN
9/1/2022,13.1222222,1.5,NaN
9/2/2022,7.222222255,1.9,NaN
9/3/2022,0,1.4,NaN
9/4/2022,0,1.5,NaN
9/5/2022,0,1.8,NaN
9/6/2022,0,1.7,NaN
9/7/2022,0,1.8,NaN
9/8/2022,0,2.3,NaN
9/9/2022,0,2,NaN
9/10/2022,0,2.1,NaN
9/11/2022,0,1.8,NaN
9/12/2022,0.222222205,1.9,NaN
9/13/2022,0,1.8,NaN
9/14/2022,0,1.9,NaN
9/15/2022,0,1.6,NaN
9/16/2022,0,2.4,NaN
9/17/2022,0,2.9,NaN
9/18/2022,0,2.4,NaN
9/19/2022,0,1.6,NaN
9/20/2022,0,1.6,NaN
9/21/2022,4.755555544,2,NaN
9/22/2022,13.81111116,2.1,NaN
9/23/2022,0,2.4,NaN
9/24/2022,0,2.2,NaN
9/25/2022,0,2.8,NaN
9/26/2022,0,2.6,NaN
9/27/2022,0,2.8,NaN
9/28/2022,0,2.6,NaN
9/29/2022,0,2.4,NaN
9/30/2022,3.099999986,1.8,NaN
10/1/2022,0.888888925,1.9,NaN
10/2/2022,0,2.6,NaN
10/3/2022,0,2.4,NaN
10/4/2022,0,2.4,NaN
10/5/2022,3.455555446,3.5,NaN
10/6/2022,18.44444443,1.7,NaN
10/7/2022,10.6666666,4,NaN
10/8/2022,0.444444418,4.5,NaN
10/9/2022,0,2.7,NaN
10/10/2022,0.111111114,2.6,NaN
10/11/2022,2.00000001,1.7,NaN
10/12/2022,0.555555525,3.5,NaN
10/13/2022,0,3.3,NaN
10/14/2022,0,2.9,NaN
10/15/2022,0.222222214,2.9,NaN
10/16/2022,0.27777777,2.4,NaN
10/17/2022,0.555555575,3,NaN
10/18/2022,1.666666621,3,NaN
10/19/2022,0.44444442,3.1,NaN
10/20/2022,4.711111104,2.7,NaN
10/21/2022,5.144444522,2.7,NaN
10/22/2022,0.488888901,2.6,NaN
10/23/2022,0,3.2,NaN
10/24/2022,0.22222221,3.4,NaN
10/25/2022,0,4.7,NaN
10/26/2022,4.68888889,2.8,NaN
10/27/2022,3.444444517,4.4,NaN
10/28/2022,0,4.5,NaN
10/29/2022,0.777777769,4.3,NaN
10/30/2022,14.77777763,1.9,NaN
10/31/2022,7.999999757,2.7,NaN
11/1/2022,0,3.2,NaN
11/2/2022,0,3.4,NaN
11/3/2022,0,3.5,NaN
11/4/2022,0,3,NaN
11/5/2022,0,4.1,NaN
11/6/2022,0,4,NaN
11/7/2022,0,4.3,NaN
11/8/2022,0,4.2,NaN
11/9/2022,0,4.2,NaN
11/10/2022,0,4.5,NaN
11/11/2022,0,4.7,NaN
11/12/2022,0.233904548,4.4,NaN
11/13/2022,7.244444444,2.9,NaN
11/14/2022,9.066666662,3.4,NaN
11/15/2022,2.444444434,6.1,NaN
11/16/2022,0,4.8,NaN
11/17/2022,0,4.4,NaN
11/18/2022,0,5.6,NaN
11/19/2022,0,5.4,NaN
11/20/2022,0,4.9,NaN
11/21/2022,6.96666664,2.4,NaN
11/22/2022,8.46666672,3.8,NaN
11/23/2022,0,4.4,NaN
11/24/2022,0,5.2,NaN
11/25/2022,0,5.1,NaN
11/26/2022,0,5.4,NaN
11/27/2022,0,5.6,NaN
11/28/2022,0,6.1,NaN
11/29/2022,0,5.8,NaN
11/30/2022,0,5.7,NaN
12/1/2022,0,4.6,NaN
12/2/2022,0.888888856,3.3,NaN
12/3/2022,6.822222075,2.5,NaN
12/4/2022,2.222222162,4,NaN
12/5/2022,0,4.6,NaN
12/6/2022,0,5.1,NaN
12/7/2022,0,6.1,NaN
12/8/2022,0,5.2,NaN
12/9/2022,0,7.4,NaN
12/10/2022,0,5.6,NaN
12/11/2022,0,6.3,NaN
12/12/2022,0.333333311,4.3,NaN
12/13/2022,0.22222221,4.8,NaN
12/14/2022,0,6,NaN
12/15/2022,0,4,0.405
12/16/2022,0,5.3,NaN
12/17/2022,0.122222225,3.8,0.49
12/18/2022,0,6.5,0.519
12/19/2022,0,6.2,0.476
12/20/2022,0,6.2,0.41
12/21/2022,0,6.1,0.43
12/22/2022,0,7.1,0.372
12/23/2022,0,5.9,0.351
12/24/2022,4.088888853,4.3,0.366
12/25/2022,5.46666641,4.6,0.777
12/26/2022,4.444444242,4.9,1.206
12/27/2022,0,4.4,0.715
12/28/2022,0.555555521,4.9,0.633
12/29/2022,0,5.2,0.685
12/30/2022,0,6.3,0.519
12/31/2022,0,6.7,0.435
1/1/2023,0.561550685,5.9,0.368
1/2/2023,0.666666731,5.4,0.347
1/3/2023,0,5.9,0.345
1/4/2023,0,6.2,0.324
1/5/2023,0,5.2,0.306
1/6/2023,0,5.9,0.319
1/7/2023,0,6.3,0.333
1/8/2023,0,5.5,0.349
1/9/2023,0,5.8,0.34
1/10/2023,0,5.9,0.348
1/11/2023,1.777777688,5.8,0.366
1/12/2023,8.111110713,5.7,0.426
1/13/2023,4.66666679,3.2,0.438
1/14/2023,2.333333378,5.6,0.574
1/15/2023,0,6,0.578
1/16/2023,0,5.5,0.483
1/17/2023,0,5.8,0.364
1/18/2023,0,6.1,0.334
1/19/2023,0,4.7,0.403
1/20/2023,0.111111107,5.6,0.461
1/21/2023,0,5.6,0.444
1/22/2023,0,6.3,0.472
1/23/2023,0,5.9,0.442
1/24/2023,0,5.1,0.418
1/25/2023,1.533333262,6.6,0.394
1/26/2023,0.111111107,6,0.386
1/27/2023,0.333333318,4.5,0.462
1/28/2023,12.14444465,4.8,0.498
1/29/2023,7.666666275,5.2,1.005
1/30/2023,0,4.4,0.552
1/31/2023,0.444444409,5.1,0.391
2/1/2023,0,4.7,0.464
2/2/2023,3.633333314,3.2,0.696
2/3/2023,1.59571567,3.4,1.174
2/4/2023,0.111111105,5.4,1.098
2/5/2023,0.222222205,4.6,0.97
2/6/2023,0,5.2,0.76
2/7/2023,0.255555562,5.2,0.593
2/8/2023,4.333333149,4.8,0.576
2/9/2023,0.333333315,5,2.241
2/10/2023,0,5.6,1.039
2/11/2023,0,5.8,0.634
2/12/2023,0,6.5,0.437
2/13/2023,10.8555554,5.1,0.39
2/14/2023,3.933333339,3.6,0.663
2/15/2023,2.444444582,4.9,0.907
2/16/2023,11.77777792,3.9,0.59
2/17/2023,0.555555525,6.4,0.787
2/18/2023,0,4.5,0.533
2/19/2023,0,3.9,0.434
2/20/2023,0,3.8,0.477
2/21/2023,0,3.9,0.6
2/22/2023,0,4.1,0.799
2/23/2023,0.333333321,4.2,0.783
2/24/2023,7.444444347,2.3,0.749
2/25/2023,9.177777453,2.8,NaN
2/26/2023,2.746440573,4.1,NaN
2/27/2023,0,4.7,NaN
2/28/2023,1.111111023,4,NaN
3/1/2023,0,4.1,NaN
3/2/2023,0,3.6,NaN
3/3/2023,10.22222166,3.2,NaN
3/4/2023,0.15555556,3.6,NaN
3/5/2023,0,3.8,NaN
3/6/2023,0.555555511,3.8,NaN
3/7/2023,1.055555491,2.8,NaN
3/8/2023,0,3.6,NaN
3/9/2023,0,3.4,NaN
3/10/2023,0,4.2,NaN
3/11/2023,0,5,NaN
3/12/2023,0,4.3,NaN
3/13/2023,0,4.9,NaN
3/14/2023,0,5.1,NaN
3/15/2023,14.02222193,2.4,NaN
3/16/2023,32.6444444,2.2,NaN
3/17/2023,29.01111109,1.9,NaN
3/18/2023,6.11111087,2.8,NaN
3/19/2023,0.333333307,3.2,NaN
3/20/2023,6.000000005,2.3,NaN
3/21/2023,5.144444354,2.8,NaN
3/22/2023,4.633333619,2.6,NaN
3/23/2023,2.222222204,2.6,NaN
3/24/2023,1.399999971,2.9,NaN
3/25/2023,21.04615114,1.7,NaN
3/26/2023,10.77777797,2.8,NaN
3/27/2023,0,2.5,NaN
3/28/2023,0,3,NaN
3/29/2023,7.333333275,2.8,NaN
3/30/2023,2.555555559,2.1,NaN
3/31/2023,2.944444415,4.2,NaN
4/1/2023,1.333333412,2.2,NaN
4/2/2023,0,2.2,NaN
4/3/2023,0,1.7,NaN
4/4/2023,0,1.8,NaN
4/5/2023,0,2.3,NaN
4/6/2023,0,1.9,NaN
4/7/2023,0,2,NaN
4/8/2023,0,2,NaN
4/9/2023,0,2,NaN
4/10/2023,0,1.9,NaN
4/11/2023,4.933333263,2.3,NaN
4/12/2023,18.22222246,2.4,NaN
4/13/2023,4.444444543,1.7,NaN
4/14/2023,0,1.6,NaN
4/15/2023,0,1.5,NaN
4/16/2023,0,1.6,NaN
4/17/2023,0,1.7,NaN
4/18/2023,0,2.1,NaN
4/19/2023,0,2,NaN
4/20/2023,0,1.3,NaN
4/21/2023,0,1.6,NaN
4/22/2023,0,1.5,NaN
4/23/2023,0,1.3,NaN
4/24/2023,0,1.9,NaN
4/25/2023,5.466666672,1.5,NaN
4/26/2023,2.888888986,1.3,NaN
4/27/2023,0,1.3,NaN
4/28/2023,0,1.3,NaN
4/29/2023,0,1.7,NaN
4/30/2023,2.713934875,2.3,NaN
5/1/2023,0.888888941,1.4,NaN
5/2/2023,0.666666632,1.2,NaN
5/3/2023,0,0.7,NaN
5/4/2023,2.088888941,1.2,NaN
5/5/2023,30.55555555,1.2,NaN
5/6/2023,20.36666675,1.2,NaN
5/7/2023,12.68503453,1.4,NaN
5/8/2023,13.55555612,0.7,NaN
5/9/2023,0.15555555,0.9,NaN
5/10/2023,0,1.2,NaN
5/11/2023,0,0.8,NaN
5/12/2023,0,0.6,NaN
5/13/2023,0,1.3,NaN
5/14/2023,0,0.8,NaN
5/15/2023,0,1.1,NaN
5/16/2023,0,0.7,NaN
5/17/2023,0,2.2,NaN
5/18/2023,0,0.9,NaN
5/19/2023,0.044444443,0.7,NaN
5/20/2023,0,1,NaN
5/21/2023,0.277777772,1,NaN
5/22/2023,0.22222221,1,NaN
5/23/2023,0,0.9,NaN
5/24/2023,0,1.7,NaN
5/25/2023,0,1.3,NaN
5/26/2023,20.56883971,1.2,NaN
5/27/2023,10.66666656,0.7,NaN
5/28/2023,0,0.5,NaN
5/29/2023,0,0.3,NaN
5/30/2023,0,0.6,NaN
5/31/2023,0,0.6,NaN
6/1/2023,0,0.5,NaN
6/2/2023,0,0.6,NaN
6/3/2023,0,0.8,NaN
6/4/2023,8.311111196,0.7,NaN
6/5/2023,3.888888831,0.3,NaN
6/6/2023,0,0.3,NaN
6/7/2023,1.544444444,0.8,NaN
6/8/2023,1.188888897,0.8,NaN
6/9/2023,2.132094057,1.5,NaN
6/10/2023,1.35692891,0.8,NaN
6/11/2023,0,0.6,NaN
6/12/2023,0,0.3,NaN
6/13/2023,0,0.2,NaN
6/14/2023,0,0.1,NaN
6/15/2023,0.444444464,0.5,NaN
6/16/2023,0,0.6,NaN
6/17/2023,0,0.6,NaN
6/18/2023,0,0.3,NaN
6/19/2023,0,0.3,NaN
6/20/2023,0,0.5,NaN
6/21/2023,7.66666671,0.6,NaN
6/22/2023,1.466666592,0.6,NaN
6/23/2023,0,0.5,NaN
6/24/2023,4.555555627,0.7,NaN
6/25/2023,0.111111107,0.4,NaN
6/26/2023,10.68888888,0.7,NaN
6/27/2023,49.74444446,0.6,NaN
6/28/2023,21.11111055,0.5,NaN
6/29/2023,0,0.7,NaN
6/30/2023,0,0.4,NaN
7/1/2023,0,0.2,NaN
7/2/2023,0,0.5,NaN
7/3/2023,0,0.5,NaN
7/4/2023,2.777777776,0.9,NaN
7/5/2023,6.455555599,1.1,NaN
7/6/2023,25.27777781,0.4,NaN
7/7/2023,16.22222215,1,NaN
7/8/2023,0.044444443,1,NaN
7/9/2023,0,1,NaN
7/10/2023,0,0.2,NaN
7/11/2023,0,1.1,NaN
7/12/2023,33.72222234,1.1,NaN
7/13/2023,11.75555558,0.5,NaN
7/14/2023,0,0.8,NaN
7/15/2023,0,0.2,NaN
7/16/2023,0,0.4,NaN
7/17/2023,0,0.3,NaN
7/18/2023,0,0.3,NaN
7/19/2023,0,0.5,NaN
7/20/2023,0,0.9,NaN
7/21/2023,0,1.4,NaN
7/22/2023,0,2.7,NaN
7/23/2023,0.022222221,1,NaN
7/24/2023,35.11111096,0.7,NaN
7/25/2023,42.49999982,0.8,NaN
7/26/2023,17.04444432,1.4,NaN
7/27/2023,0,0.5,NaN
7/28/2023,0,0.5,NaN
7/29/2023,0,0.6,NaN
7/30/2023,0,0.6,NaN
7/31/2023,0,1.3,NaN
8/1/2023,0,0.9,NaN
8/2/2023,0,1.5,NaN
8/3/2023,0.044444443,2.3,NaN
8/4/2023,0,0.9,NaN
8/5/2023,0,0.8,NaN
8/6/2023,8.533333223,1.1,NaN
8/7/2023,3.00000001,1.1,NaN
8/8/2023,0,0.8,NaN
8/9/2023,0,1.3,NaN
8/10/2023,0,1.1,NaN
8/11/2023,0,2,NaN
8/12/2023,0,1.9,NaN
8/13/2023,0,0.8,NaN
8/14/2023,0,1.3,NaN
8/15/2023,0,1.5,NaN
8/16/2023,0,1.6,NaN
8/17/2023,29.44444443,1,NaN
8/18/2023,17.40000003,1,NaN
8/19/2023,1.934173884,1.8,NaN
8/20/2023,0,1.3,NaN
8/21/2023,0,1.3,NaN
8/22/2023,0,1.1,NaN
8/23/2023,0,1.2,NaN
8/24/2023,0,1.5,NaN
8/25/2023,0,1.4,NaN
8/26/2023,0,1.2,NaN
8/27/2023,0,1.1,NaN
8/28/2023,0,1.1,NaN
8/29/2023,0,1,NaN
8/30/2023,0,1.3,NaN
8/31/2023,0,1.8,NaN
9/1/2023,2.289674902,1.6,NaN
9/2/2023,5.612185255,1.3,NaN
9/3/2023,10.99129904,1.1,NaN
9/4/2023,11.59329561,1.4,NaN
9/5/2023,4.098003826,1.6,NaN
9/6/2023,26.07855027,2.3,NaN
9/7/2023,85.69510805,3.2,NaN
9/8/2023,27.24723064,2.4,NaN
9/9/2023,0,2.7,NaN
9/10/2023,0,2.5,NaN
9/11/2023,50.90493872,1.4,NaN
9/12/2023,33.46959793,1.8,NaN
9/13/2023,20.05555573,1.4,NaN
9/14/2023,4.888888906,1.9,NaN
9/15/2023,0,3.2,NaN
9/16/2023,0,3.4,NaN
9/17/2023,28.62222192,2,NaN
9/18/2023,33.13333316,1.5,NaN
9/19/2023,14.58888891,1.7,NaN
9/20/2023,34.15555612,1.4,NaN
9/21/2023,22.72222199,2,NaN
9/22/2023,8.428654809,2,NaN
9/23/2023,5.466666747,1.7,NaN
9/24/2023,1.222222164,2.1,NaN
9/25/2023,0.666666642,2.4,NaN
9/26/2023,5.311111157,2,NaN
9/27/2023,0.888888845,2.3,NaN
9/28/2023,0,2.3,NaN
9/29/2023,0,2.3,NaN
9/30/2023,0,2.5,NaN
10/1/2023,0,2.4,NaN
10/2/2023,0,2.3,NaN
10/3/2023,2.400000043,2.9,NaN
10/4/2023,1.444444454,2.7,NaN
10/5/2023,0,2.8,NaN
10/6/2023,0,3.5,NaN
10/7/2023,0,3.2,NaN
10/8/2023,0,3,NaN
10/9/2023,0,3.1,NaN
10/10/2023,0,3.6,NaN
10/11/2023,2.077777736,2.5,NaN
10/12/2023,0.555555525,2.5,NaN
10/13/2023,0,2.6,NaN
10/14/2023,0,4.1,NaN
10/15/2023,0,3.9,NaN
10/16/2023,0,2.6,NaN
10/17/2023,0,3.2,NaN
10/18/2023,0,3,11.752
10/19/2023,0,3.9,11.539
10/20/2023,0,4.3,10.944
10/21/2023,0,4.4,10.393
10/22/2023,10.0555554,2.1,10.114
10/23/2023,14.66666694,2.5,10.159
10/24/2023,4.666667005,3.2,10.997
10/25/2023,0,3.4,11.141
10/26/2023,0,3.3,10.57
10/27/2023,2.111111175,3.6,10.6
10/28/2023,0.555555609,3.4,11.337
10/29/2023,0.999999986,4,12.01
10/30/2023,0.677777777,2.6,11.25
10/31/2023,2.911111106,2,10.491
11/1/2023,9.722222174,2.1,10.101
11/2/2023,23.82222227,2.4,11.542
11/3/2023,8.777777536,3.1,41.275
11/4/2023,0.333333366,3.8,44.35
11/5/2023,0,3.6,35.131
11/6/2023,0,4.1,25.057
11/7/2023,2.311111065,4.7,20.02
11/8/2023,11.86666677,2.4,17.163
11/9/2023,2.222222263,4,20.267
11/10/2023,36.54444448,3.7,23.998
11/11/2023,41.48754094,3.9,74.495
11/12/2023,29.13333364,2.6,265.03
11/13/2023,13.70000047,2,361.156
11/14/2023,9.166666652,2.6,437.276
11/15/2023,7.622222081,2.6,500.189
11/16/2023,5.444444353,3.9,467.252
11/17/2023,0,3.3,364.476
11/18/2023,0,5,224.716
11/19/2023,0,4.6,143.637
11/20/2023,0,4.8,94.891
11/21/2023,29.72222224,4.6,61.913
11/22/2023,17.44444441,3.5,59.699
11/23/2023,0.111111122,4.2,75.17
11/24/2023,0,4,98.519
11/25/2023,0,4,142.314
11/26/2023,0,4.8,141.776
11/27/2023,0,5.3,94.216
11/28/2023,0,5.2,54.751
11/29/2023,0,3.6,35.019
11/30/2023,0,4.8,25.444
12/1/2023,32.722222,4.2,20.857
12/2/2023,19.15555539,3.1,56.311
12/3/2023,0.977777768,3.5,97.077
12/4/2023,0,5.1,103.403
12/5/2023,0,4.6,75.972
12/6/2023,19.57777792,2.4,54.765
12/7/2023,6.799999969,4.7,60.601
12/8/2023,0,4.5,74.881
12/9/2023,0,5.1,78.548
12/10/2023,0.444444409,4.1,74.005
12/11/2023,0,5.6,58.521
12/12/2023,0,5.8,41.713
12/13/2023,8.111111215,2.9,30.26
12/14/2023,12.30000033,3.4,23.518
12/15/2023,24.86666708,2.6,21.622
12/16/2023,6.999999896,4.3,27.138
12/17/2023,0,4.9,40.212
12/18/2023,15.92222221,2.7,55.009
12/19/2023,11.02222205,3.3,78.57
12/20/2023,0,2.8,111.832
12/21/2023,0,4.1,111.406
12/22/2023,0,4.3,102.479
12/23/2023,0,5,82.983
12/24/2023,0,3.5,62.581
12/25/2023,0.666666649,4.6,42.697
12/26/2023,0,4.4,28.245
12/27/2023,0,5.2,21.483
12/28/2023,0,5,17.906
12/29/2023,0,5,15.61
12/30/2023,0,4.5,13.993
12/31/2023,0,4.5,12.805
1/1/2024,0,4.5,11.85
1/2/2024,1.222222176,3.7,11.135
1/3/2024,0.888888856,5.1,10.567
1/4/2024,0,5.8,10.028
1/5/2024,0,5.4,9.663
1/6/2024,0,4.6,9.427
1/7/2024,0,3.7,8.855
1/8/2024,0,4.2,8.466
1/9/2024,1.111111023,4.8,8.028
1/10/2024,1.355555545,3.1,8.073
1/11/2024,0,4.8,8.305
1/12/2024,0,4.6,7.504
1/13/2024,0,5.2,7.016
1/14/2024,0,4.8,6.899
1/15/2024,0,5.5,6.78
1/16/2024,20.72222228,2.4,6.68
1/17/2024,11.33333356,5.2,7.18
1/18/2024,0.333333307,3.2,7.832
1/19/2024,0.333333315,3.7,8.88
1/20/2024,0,5,9.423
1/21/2024,0,4.9,9.176
1/22/2024,0,5.2,8.453
1/23/2024,0,4.9,7.467
1/24/2024,0,4.6,6.741
1/25/2024,0,4.8,6.203
1/26/2024,0,5.5,5.478
1/27/2024,0,5,4.825
1/28/2024,0,3.3,4.536
1/29/2024,0,3.8,4.317
1/30/2024,0,4.2,4.217
1/31/2024,0,5,3.996
2/1/2024,0,5.7,3.681
2/2/2024,0,5.5,3.53
2/3/2024,0,4.8,3.412
2/4/2024,0,4.8,3.361
2/5/2024,0,4.3,3.369
2/6/2024,0,5,3.212
2/7/2024,0,4.9,3.019
2/8/2024,0,5.4,2.963
2/9/2024,0,5.6,2.92
2/10/2024,4.678637098,3.8,2.878
2/11/2024,6.188888572,5.2,3.558
2/12/2024,5.925026166,4.6,3.569
2/13/2024,2.111111157,4,3.151
2/14/2024,0,3.8,2.794
2/15/2024,0,4.4,3.911
2/16/2024,0.444444409,3.4,4.947
2/17/2024,0.54968213,4.2,4.741
2/18/2024,0,4.6,4.348
2/19/2024,0,3.5,3.853
2/20/2024,0,4.3,3.368
2/21/2024,0,4,3.15
2/22/2024,0,4.3,2.951
2/23/2024,3.277777798,3.6,3.138
2/24/2024,1.999999891,3.6,3.704
2/25/2024,1.166666642,3.1,3.703
2/26/2024,55.33333405,2.4,4.976
2/27/2024,22.00000037,2.8,8.934
2/28/2024,0,4,7.607
2/29/2024,0,3.8,9.911
3/1/2024,0,3.8,21.035
3/2/2024,3.155555502,3.4,21.754
3/3/2024,1.111111138,3.3,17.217
3/4/2024,0,3.5,12.387
3/5/2024,0,3.5,9.273
3/6/2024,0,3,7.494
3/7/2024,0,3.4,6.426
3/8/2024,3.444444517,3.7,4.992
3/9/2024,0,4,3.956
3/10/2024,0,3.6,3.388
3/11/2024,0.722222191,2.9,2.879
3/12/2024,0.66666663,3.1,2.659
3/13/2024,0,2.4,2.466
3/14/2024,13.40000006,2.3,2.307
3/15/2024,8.555555518,2.1,2.656
3/16/2024,0,2,3.257
3/17/2024,0,3.3,3.376
3/18/2024,7.377777555,2.4,3.311
3/19/2024,40.95555588,2.7,5.721
3/20/2024,72.32222185,1.7,8.993
3/21/2024,27.22222135,2.6,154.857
3/22/2024,0,2.5,425.01
3/23/2024,0,3.5,364.344
3/24/2024,0,2.9,370.63
3/25/2024,0,2.5,319.91
3/26/2024,0,2.6,174.363
3/27/2024,0,2.3,77.68
3/28/2024,0,2.3,35.25
3/29/2024,1.011111152,2.2,21.704
3/30/2024,0,2.5,16.049
3/31/2024,6.164540886,1.9,13.079
4/1/2024,13.792563,1.3,11.751
4/2/2024,6.777777436,2.1,12.803
4/3/2024,25.87313355,1.4,15.979
4/4/2024,13.60051635,1.8,42.622
4/5/2024,0,1.9,72.016
4/6/2024,0,1.9,84.963
4/7/2024,0,2.2,93.217
4/8/2024,0,2,90.755
4/9/2024,0,1.8,70.476
4/10/2024,0,1.8,44.712
4/11/2024,0,2,28.453
4/12/2024,5.511986574,2.5,19.894
4/13/2024,7.756459436,1.5,16.364
4/14/2024,2.999999856,1.6,15.85
4/15/2024,4.602560447,1.5,19.566
4/16/2024,4.273421899,2.5,19.359
4/17/2024,0.22222221,2.5,18.506
4/18/2024,0,1.8,18.406
4/19/2024,0,1.8,16.86
4/20/2024,0,1.6,15.076
4/21/2024,0.111111107,2,13.387
4/22/2024,1.777777646,1.4,11.9
4/23/2024,1.734594046,1.9,11.189
4/24/2024,0,1.2,11.922
4/25/2024,0,1.4,12.164
4/26/2024,26.27777803,1.4,10.129
4/27/2024,18.0111116,1.3,14.413
4/28/2024,0,1,28.1
4/29/2024,12.47777785,1.2,50.97
4/30/2024,32.93333338,1.6,NaN
5/1/2024,33.64444462,1.1,300.6
5/2/2024,16.77777772,1.2,466.81
5/3/2024,0,1.1,531.566
5/4/2024,0.222222234,1.3,535.009
5/5/2024,2.166666646,1.6,486.162
5/6/2024,59.68888901,1.4,407.325
5/7/2024,74.05555441,1,855.362
5/8/2024,51.0555552,1.8,1398.743
5/9/2024,5.169293303,1.4,1377.044
5/10/2024,0.800000036,1,1362.409
5/11/2024,2.777777731,1.4,1199.161
5/12/2024,9.166666648,1.3,811.214
5/13/2024,8.444444743,1.1,427.665
5/14/2024,0,0.9,260.702
5/15/2024,0,0.6,185.56
5/16/2024,0,0.9,155.701
5/17/2024,0,0.7,126.666
5/18/2024,0,0.9,95.495
5/19/2024,3.211111177,0.7,72.919
5/20/2024,2.444444483,0.5,58.925
5/21/2024,19.97777785,0.7,52.236
5/22/2024,43.63895691,0.8,60.876
5/23/2024,28.44444522,1,152.395
5/24/2024,7.400000011,1,384.375
5/25/2024,3.022222325,0.7,563.39
5/26/2024,0.666666652,0.5,603.315
5/27/2024,39.57777763,0.8,397.262
5/28/2024,12.17244528,0.7,NaN
5/29/2024,0,0.7,NaN
5/30/2024,0,0.3,370.528
5/31/2024,0,0.9,379.716
6/1/2024,0,0.9,NaN
6/2/2024,1.911111084,0.6,146.935
6/3/2024,0.44444442,0.4,108.602
6/4/2024,0,0.6,77.113
6/5/2024,11.17777773,0.7,71.322
6/6/2024,5.333333473,0.7,104.488
6/7/2024,0,0.7,99.766
6/8/2024,0,0.8,96.332
6/9/2024,0,1.5,92.984
6/10/2024,0,0.2,77.773
6/11/2024,0,0.9,60.186
6/12/2024,0,1.1,48.919
6/13/2024,0,2.5,41.706
6/14/2024,15.66666647,1.8,37.348
6/15/2024,7.66666644,0.5,65.673
6/16/2024,6.422222212,0.7,91.262
6/17/2024,4.349575477,0.7,117.175
6/18/2024,0.888888883,0.8,121.853
6/19/2024,0,0.5,117.51
6/20/2024,1.888888842,0.3,106.834
6/21/2024,10.43107486,0.6,85.013
6/22/2024,24.27854857,0.9,66.66
6/23/2024,6.666666334,1,138.035
6/24/2024,0,0.5,313.702
6/25/2024,3.596828548,1,317.459
6/26/2024,0.385769662,0.8,263.862
6/27/2024,0,1.4,202.075
6/28/2024,0,1.2,136.628
6/29/2024,0,0.8,86.729
6/30/2024,0,0.6,58.886
7/1/2024,0,0.7,45.726
7/2/2024,0,0.3,38.465
7/3/2024,0,0.5,33.412
7/4/2024,0,0.1,29.361
7/5/2024,0,0.6,26.319
7/6/2024,0,0.5,23.198
7/7/2024,0,1.2,21.542
7/8/2024,0,0.6,19.771
7/9/2024,0.488888891,1,18.085
7/10/2024,0.333333351,0.4,16.802
7/11/2024,0,0.3,15.939
7/12/2024,0,0.5,15.616
7/13/2024,0,0.5,14.831
7/14/2024,0,0.2,13.699
7/15/2024,0,0.5,13.236
7/16/2024,0,0.5,12.715
7/17/2024,0,0.7,12.235
7/18/2024,0,0.7,11.873
7/19/2024,0.222222205,0.8,11.576
7/20/2024,0.333333307,0.9,11.345
7/21/2024,0,0.8,11.056
7/22/2024,0,0.8,10.768
7/23/2024,0,0.8,10.54
7/24/2024,3.922222235,1.3,10.28
7/25/2024,2.444444417,1,10.068
7/26/2024,0,0.6,9.921
7/27/2024,0,0.7,10.375
7/28/2024,0,0.7,10.14
7/29/2024,0,0.5,9.916
7/30/2024,0,0.5,9.621
7/31/2024,0,0.8,9.218
8/1/2024,0,1.5,8.719
8/2/2024,0,2.3,8.644
8/3/2024,1.933333327,2.2,8.462
8/4/2024,6.77273133,1.2,8.234
8/5/2024,9.627746953,1,8.211
8/6/2024,38.35946995,1,11.004
8/7/2024,5.781980155,1.3,48.846
8/8/2024,0.222222214,1.2,123.456
8/9/2024,0.899999961,1.5,217.369
8/10/2024,0,1.5,283.252
8/11/2024,0,3.2,190.641
8/12/2024,0,1.2,88.188
8/13/2024,0,0.9,48.619
8/14/2024,0,0.9,NaN
8/15/2024,0,0.9,23.788
8/16/2024,0,1.1,20.066
8/17/2024,0,1.7,17.561
8/18/2024,0.111111117,1.1,15.936
8/19/2024,6.608036763,1.2,14.897
8/20/2024,22.86211224,2.2,14.483
8/21/2024,28.41143036,1.2,39.133
8/22/2024,12.69156484,1.4,127.949
8/23/2024,1.444444426,1.8,235.019
8/24/2024,0,1.8,328.838
8/25/2024,0,1.7,333.005
8/26/2024,0,1.1,234.473
8/27/2024,0,1.1,127.237
8/28/2024,0,1.4,69.216
8/29/2024,0,1.4,43.515
8/30/2024,6.512140425,1.4,32.664
8/31/2024,5.686988848,1.4,28.714
9/1/2024,0.466666642,1.9,32.874
9/2/2024,0,1.4,32.282
9/3/2024,0,1.6,28.893
9/4/2024,0,1.1,24.926
9/5/2024,0,1.9,22.062
9/6/2024,0,1.6,20.111
9/7/2024,0,1.8,18.279
9/8/2024,9.214348147,1.1,17.021
9/9/2024,2.623008194,1.4,29.162
9/10/2024,5.888888895,2.9,44.134
9/11/2024,1.456434733,2.17,36.248
9/12/2024,1.844444404,2.29,29.398
9/13/2024,1.707619332,2.04,31.723
9/14/2024,0.888888845,1.98,40.992
9/15/2024,0,2.23,36.492
9/16/2024,0,2.1,28.045
9/17/2024,0,3.1,22.648
9/18/2024,0,2.7,19.583
9/19/2024,24.16793162,2.5,19.446
9/20/2024,15.66666651,2.6,103.492
9/21/2024,0,2.7,144.115
9/22/2024,1.666666534,2.7,117.75
9/23/2024,56.48842072,1.9,174.972
9/24/2024,55.10472809,1.6,383.043
9/25/2024,16.73910998,1.5,694.529
9/26/2024,2.649786557,1.7,881.051
9/27/2024,0.333333315,2.4,1104.623
9/28/2024,0,2.6,845.197
9/29/2024,0,3.1,404.225
9/30/2024,25.13176895,3.4,194.414
10/1/2024,13.19102949,2.1,161.226
10/2/2024,0.222222244,3.1,207.196
10/3/2024,0,2.1,207.906
10/4/2024,0,2.7,212.719
10/5/2024,0,2.9,177.218
10/6/2024,0,3.2,112.692
10/7/2024,7.164739611,2,70.927
10/8/2024,3.666666679,2.3,50.685
10/9/2024,0,2.5,43.663
10/10/2024,1.976955737,2.7,39.294
10/11/2024,2.911111391,3.1,33.994
10/12/2024,0,2.6,31.635
10/13/2024,0,3.5,37.348
10/14/2024,18.63836609,2.6,41.204
10/15/2024,10.88888908,3.7,52.09
10/16/2024,0,3.2,58.018
10/17/2024,0.877777781,2.1,65.862
10/18/2024,0,3.1,80.705
10/19/2024,0,3.1,74.549
10/20/2024,0,4.3,50.715
10/21/2024,0,4.4,34.837
10/22/2024,2.444444353,4.6,26.913
10/23/2024,9.512416124,2.5,23.455
10/24/2024,17.86047807,3.3,23.113
10/25/2024,16.56297513,3,25.35
10/26/2024,1.77777769,3.9,35.675
10/27/2024,0,3.5,62.766
10/28/2024,0,3.8,80.054
10/29/2024,0,3.3,56.913
10/30/2024,0,4.4,34.665
10/31/2024,0,3.9,25.167
11/1/2024,4.149370475,3.2,20.583
11/2/2024,3.388430777,3.1,17.515
11/3/2024,4.111111395,3,23.16
11/4/2024,1.836683564,4.5,34.066
11/5/2024,0.555555525,4.2,25.796
11/6/2024,0.929809287,4.3,18.582
11/7/2024,0.681285698,3.3,16.71
11/8/2024,0,4.2,15.867
11/9/2024,0,3.7,14.878
11/10/2024,0,4.7,13.509
11/11/2024,5.851545993,2.5,12.299
11/12/2024,1.777777823,3.8,11.454
11/13/2024,0,4.4,11.024
11/14/2024,0,4.2,10.894
11/15/2024,0,5,10.318
11/16/2024,0,4.6,9.681
11/17/2024,0.37719041,3.4,9.195
11/18/2024,0,3,8.792
11/19/2024,0,4.4,8.65
11/20/2024,0,4.8,8.507
11/21/2024,0,3.7,8.135
11/22/2024,0,4.2,7.836
11/23/2024,0,6.9,7.491
11/24/2024,0,5.6,7.377
11/25/2024,0,3.2,7.121
11/26/2024,6.257544711,3.4,6.976
11/27/2024,26.94444437,3,7.245
11/28/2024,13.44444398,4.2,20.767
11/29/2024,0,4.4,46.2
11/30/2024,0,4.6,41.077
12/1/2024,15.85555547,3,20.771
12/2/2024,9.666666652,5.2,26.084
12/3/2024,0,4.3,52.9
12/4/2024,0,4.8,36.114
12/5/2024,1.084652091,5.7,19.578
12/6/2024,38.9034026,3.4,35.206
12/7/2024,15.11111109,4.4,136.691
12/8/2024,0,3.8,244.733
12/9/2024,0,4.3,173.343
12/10/2024,0,4.4,108.266
12/11/2024,0,5.1,49.15
12/12/2024,0,5.5,27.119
12/13/2024,13.0984539,3.2,19.788
12/14/2024,4.772013417,5,19.943
12/15/2024,5.252011487,3,23.543
12/16/2024,2.300945631,4.7,30.415
12/17/2024,0,4.7,25.181
12/18/2024,0,5.29,20.062
12/19/2024,13.29631083,2.7,15.583
12/20/2024,7.444444618,5.4,17.373
12/21/2024,0.53333334,3.3,20.971
12/22/2024,0.22222221,4.4,22.193
12/23/2024,0,4.4,19.691
12/24/2024,0,4.2,16.421
12/25/2024,0,5,13.846
12/26/2024,0,5.1,12.417
12/27/2024,0,4.6,11.319
12/28/2024,0.055555557,3.1,10.476
12/29/2024,0,4.5,9.986
12/30/2024,0,4.7,9.465
12/31/2024,0,4.2,9.081
1/1/2025,0,4.9,8.71
1/2/2025,0.512499979,6.2,8.547
1/3/2025,0,5.3,8.206
1/4/2025,0,5,8.006
1/5/2025,0,4.6,7.654
1/6/2025,0,4.5,7.557
1/7/2025,0,5,7.354
1/8/2025,0,6.3,7.228
1/9/2025,0,5.1,7.032
1/10/2025,0,5.3,6.606
1/11/2025,0,5.5,6.56
1/12/2025,0,5.2,6.427
1/13/2025,0,5.7,6.447
1/14/2025,0,6,6.392
1/15/2025,0,6.4,6.283
1/16/2025,0,6.4,6.226
1/17/2025,0,6.3,6.003
1/18/2025,0,5.5,5.806
1/19/2025,24.00000002,4.9,5.862
1/20/2025,28.04999962,3.9,10.927
1/21/2025,18.62499935,4.8,38.487
1/22/2025,0,5.1,24.48
1/23/2025,0,6.4,18.148
1/24/2025,11.58333375,5.2,17.304
1/25/2025,0.888888975,5.7,14.095
1/26/2025,0,5.7,13.92
1/27/2025,0,5.7,13.726
1/28/2025,0,5.5,12.576
1/29/2025,3.099999991,5.8,10.949
1/30/2025,0,6.1,10.205
1/31/2025,0,5,8.814
